block,trial_in_block,concept,concept_num,concept_num_word,exemplar_num,image_shown,word_shown_english,word_shown_german,word_shown_french,is_prompt,is_mismatch,ITI_length,correct_response,nonmatch_pres_side,ITI_length_raw,block_raw,concept_num_raw,concept_num_word_raw,concept_raw,continue_button_break.duration_raw,continue_button_break.keys_raw,continue_button_break.rt_raw,correct_response_raw,exemplar_num_raw,image_shown_raw,is_mismatch_raw,is_prompt_raw,key_resp.duration_raw,key_resp.keys_raw,key_resp.rt_raw,nonmatch_pres_side_raw,thisN_raw,thisRepN_raw,thisTrialN_raw,trial_in_block_raw,word_shown_english_raw,word_shown_french_raw,word_shown_german_raw
1,1,bread,3,3,19,bread\bread_19.jpg,bread,Brot,Pain,1,0,0.92,None,None,0.92,1,3,3,bread,nan,,nan,,19,bread\bread_19.jpg,0,1,nan,,nan,,0,0,0,1,bread,Pain,Brot
1,2,chair,4,4,27,chair\chair_27.jpg,chair,Stuhl,Chaise,1,0,1.18,None,None,1.18,1,4,4,chair,nan,,nan,,27,chair\chair_27.jpg,0,1,nan,,nan,,1,0,1,2,chair,Chaise,Stuhl
1,3,flower,6,6,47,flower\flower_47.jpg,flower,Blume,Fleur,1,0,0.78,None,None,0.78,1,6,6,flower,nan,,nan,,47,flower\flower_47.jpg,0,1,nan,,nan,,2,0,2,3,flower,Fleur,Blume
1,4,hammer,7,7,42,hammer\hammer_42.jpg,hammer,Hammer,Marteau,1,0,1.23,None,None,1.23,1,7,7,hammer,nan,,nan,,42,hammer\hammer_42.jpg,0,1,nan,,nan,,3,0,3,4,hammer,Marteau,Hammer
1,5,jacket,10,3,38,jacket\jacket_38.jpg,bread,Brot,Pain,1,1,1.23,r,left,1.23,1,10,3,jacket,nan,,nan,r,38,jacket\jacket_38.jpg,1,1,nan,,nan,left,4,0,4,5,bread,Pain,Brot
1,6,ball,1,1,45,ball\ball_45.jpg,ball,Ball,Ballon,1,0,1.07,None,None,1.07,1,1,1,ball,nan,,nan,,45,ball\ball_45.jpg,0,1,nan,,nan,,5,0,5,6,ball,Ballon,Ball
1,7,house,9,9,17,house\house_17.jpg,house,Haus,Maison,1,0,0.98,None,None,0.98,1,9,9,house,nan,,nan,,17,house\house_17.jpg,0,1,nan,,nan,,6,0,6,7,house,Maison,Haus
1,8,ball,1,1,7,ball\ball_07.jpg,ball,Ball,Ballon,1,0,0.95,None,None,0.95,1,1,1,ball,nan,,nan,,7,ball\ball_07.jpg,0,1,nan,,nan,,7,0,7,8,ball,Ballon,Ball
1,9,hammer,7,7,34,hammer\hammer_34.jpg,hammer,Hammer,Marteau,1,0,1.16,None,None,1.16,1,7,7,hammer,nan,,nan,,34,hammer\hammer_34.jpg,0,1,nan,,nan,,8,0,8,9,hammer,Marteau,Hammer
1,10,hand,8,8,5,hand\hand_05.jpg,hand,Hand,Main,1,0,1.25,None,None,1.25,1,8,8,hand,nan,,nan,,5,hand\hand_05.jpg,0,1,nan,,nan,,9,0,9,10,hand,Main,Hand
1,11,bicycle,2,2,45,bicycle\bicycle_45.jpg,bicycle,Fahrrad,Vélo,1,0,0.92,None,None,0.92,1,2,2,bicycle,nan,,nan,,45,bicycle\bicycle_45.jpg,0,1,nan,,nan,,10,0,10,11,bicycle,Vélo,Fahrrad
1,12,house,9,9,7,house\house_07.jpg,house,Haus,Maison,1,0,0.79,None,None,0.79,1,9,9,house,nan,,nan,,7,house\house_07.jpg,0,1,nan,,nan,,11,0,11,12,house,Maison,Haus
1,13,dog,5,5,39,dog\dog_39.jpg,dog,Hund,Chien,1,0,1.19,None,None,1.19,1,5,5,dog,nan,,nan,,39,dog\dog_39.jpg,0,1,nan,,nan,,12,0,12,13,dog,Chien,Hund
1,14,hand,8,8,18,hand\hand_18.jpg,hand,Hand,Main,1,0,0.86,None,None,0.86,1,8,8,hand,nan,,nan,,18,hand\hand_18.jpg,0,1,nan,,nan,,13,0,13,14,hand,Main,Hand
1,15,dog,5,5,30,dog\dog_30.jpg,dog,Hund,Chien,1,0,1.09,None,None,1.09,1,5,5,dog,nan,,nan,,30,dog\dog_30.jpg,0,1,nan,,nan,,14,0,14,15,dog,Chien,Hund
1,16,hammer,7,8,7,hammer\hammer_07.jpg,hand,Hand,Main,1,1,0.82,r,left,0.82,1,7,8,hammer,nan,,nan,r,7,hammer\hammer_07.jpg,1,1,nan,,nan,left,15,0,15,16,hand,Main,Hand
1,17,chair,4,4,45,chair\chair_45.jpg,chair,Stuhl,Chaise,1,0,0.89,None,None,0.89,1,4,4,chair,nan,,nan,,45,chair\chair_45.jpg,0,1,nan,,nan,,16,0,16,17,chair,Chaise,Stuhl
1,18,jacket,10,10,17,jacket\jacket_17.jpg,jacket,Jacke,Veste,1,0,1.23,None,None,1.23,1,10,10,jacket,nan,,nan,,17,jacket\jacket_17.jpg,0,1,nan,,nan,,17,0,17,18,jacket,Veste,Jacke
1,19,chair,4,4,6,chair\chair_06.jpg,chair,Stuhl,Chaise,1,0,0.95,None,None,0.95,1,4,4,chair,nan,,nan,,6,chair\chair_06.jpg,0,1,nan,,nan,,18,0,18,19,chair,Chaise,Stuhl
1,20,flower,6,6,14,flower\flower_14.jpg,flower,Blume,Fleur,1,0,0.94,None,None,0.94,1,6,6,flower,nan,,nan,,14,flower\flower_14.jpg,0,1,nan,,nan,,19,0,19,20,flower,Fleur,Blume
1,21,bread,3,3,48,bread\bread_48.jpg,bread,Brot,Pain,1,0,1.12,None,None,1.12,1,3,3,bread,nan,,nan,,48,bread\bread_48.jpg,0,1,nan,,nan,,20,0,20,21,bread,Pain,Brot
1,22,bicycle,2,2,46,bicycle\bicycle_46.jpg,bicycle,Fahrrad,Vélo,1,0,0.92,None,None,0.92,1,2,2,bicycle,nan,,nan,,46,bicycle\bicycle_46.jpg,0,1,nan,,nan,,21,0,21,22,bicycle,Vélo,Fahrrad
1,23,ball,1,1,5,ball\ball_05.jpg,ball,Ball,Ballon,1,0,1.16,None,None,1.16,1,1,1,ball,nan,,nan,,5,ball\ball_05.jpg,0,1,nan,,nan,,22,0,22,23,ball,Ballon,Ball
1,24,jacket,10,10,35,jacket\jacket_35.jpg,jacket,Jacke,Veste,1,0,0.95,None,None,0.95,1,10,10,jacket,nan,,nan,,35,jacket\jacket_35.jpg,0,1,nan,,nan,,23,0,23,24,jacket,Veste,Jacke
1,25,hand,8,2,38,hand\hand_38.jpg,bicycle,Fahrrad,Vélo,1,1,1.09,r,left,1.09,1,8,2,hand,nan,,nan,r,38,hand\hand_38.jpg,1,1,nan,,nan,left,24,0,24,25,bicycle,Vélo,Fahrrad
1,26,flower,6,6,40,flower\flower_40.jpg,flower,Blume,Fleur,1,0,0.91,None,None,0.91,1,6,6,flower,nan,,nan,,40,flower\flower_40.jpg,0,1,nan,,nan,,25,0,25,26,flower,Fleur,Blume
1,27,house,9,9,34,house\house_34.jpg,house,Haus,Maison,1,0,1.21,None,None,1.21,1,9,9,house,nan,,nan,,34,house\house_34.jpg,0,1,nan,,nan,,26,0,26,27,house,Maison,Haus
1,28,dog,5,5,5,dog\dog_05.jpg,dog,Hund,Chien,1,0,1.03,None,None,1.03,1,5,5,dog,nan,,nan,,5,dog\dog_05.jpg,0,1,nan,,nan,,27,0,27,28,dog,Chien,Hund
1,29,hand,8,8,10,hand\hand_10.jpg,hand,Hand,Main,1,0,0.98,None,None,0.98,1,8,8,hand,nan,,nan,,10,hand\hand_10.jpg,0,1,nan,,nan,,28,0,28,29,hand,Main,Hand
1,30,flower,6,6,32,flower\flower_32.jpg,flower,Blume,Fleur,1,0,1.05,None,None,1.05,1,6,6,flower,nan,,nan,,32,flower\flower_32.jpg,0,1,nan,,nan,,29,0,29,30,flower,Fleur,Blume
1,31,hammer,7,7,27,hammer\hammer_27.jpg,hammer,Hammer,Marteau,1,0,0.77,None,None,0.77,1,7,7,hammer,nan,,nan,,27,hammer\hammer_27.jpg,0,1,nan,,nan,,30,0,30,31,hammer,Marteau,Hammer
1,32,dog,5,5,6,dog\dog_06.jpg,dog,Hund,Chien,1,0,1.11,None,None,1.11,1,5,5,dog,nan,,nan,,6,dog\dog_06.jpg,0,1,nan,,nan,,31,0,31,32,dog,Chien,Hund
1,33,flower,6,6,4,flower\flower_04.jpg,flower,Blume,Fleur,1,0,0.91,None,None,0.91,1,6,6,flower,nan,,nan,,4,flower\flower_04.jpg,0,1,nan,,nan,,32,0,32,33,flower,Fleur,Blume
1,34,ball,1,1,11,ball\ball_11.jpg,ball,Ball,Ballon,1,0,0.82,None,None,0.82,1,1,1,ball,nan,,nan,,11,ball\ball_11.jpg,0,1,nan,,nan,,33,0,33,34,ball,Ballon,Ball
1,35,jacket,10,10,11,jacket\jacket_11.jpg,jacket,Jacke,Veste,1,0,0.95,None,None,0.95,1,10,10,jacket,nan,,nan,,11,jacket\jacket_11.jpg,0,1,nan,,nan,,34,0,34,35,jacket,Veste,Jacke
1,36,house,9,9,13,house\house_13.jpg,house,Haus,Maison,1,0,0.96,None,None,0.96,1,9,9,house,nan,,nan,,13,house\house_13.jpg,0,1,nan,,nan,,35,0,35,36,house,Maison,Haus
1,37,bicycle,2,2,6,bicycle\bicycle_06.jpg,bicycle,Fahrrad,Vélo,1,0,1.24,None,None,1.24,1,2,2,bicycle,nan,,nan,,6,bicycle\bicycle_06.jpg,0,1,nan,,nan,,36,0,36,37,bicycle,Vélo,Fahrrad
1,38,bread,3,3,15,bread\bread_15.jpg,bread,Brot,Pain,1,0,1.15,None,None,1.15,1,3,3,bread,nan,,nan,,15,bread\bread_15.jpg,0,1,nan,,nan,,37,0,37,38,bread,Pain,Brot
1,39,house,9,5,40,house\house_40.jpg,dog,Hund,Chien,1,1,1.06,r,right,1.06,1,9,5,house,nan,,nan,r,40,house\house_40.jpg,1,1,nan,,nan,right,38,0,38,39,dog,Chien,Hund
1,40,bicycle,2,2,13,bicycle\bicycle_13.jpg,bicycle,Fahrrad,Vélo,1,0,0.81,None,None,0.81,1,2,2,bicycle,nan,,nan,,13,bicycle\bicycle_13.jpg,0,1,nan,,nan,,39,0,39,40,bicycle,Vélo,Fahrrad
1,41,bread,3,3,21,bread\bread_21.jpg,bread,Brot,Pain,1,0,1.19,None,None,1.19,1,3,3,bread,nan,,nan,,21,bread\bread_21.jpg,0,1,nan,,nan,,40,0,40,41,bread,Pain,Brot
1,42,hand,8,8,14,hand\hand_14.jpg,hand,Hand,Main,1,0,0.85,None,None,0.85,1,8,8,hand,nan,,nan,,14,hand\hand_14.jpg,0,1,nan,,nan,,41,0,41,42,hand,Main,Hand
1,43,chair,4,4,23,chair\chair_23.jpg,chair,Stuhl,Chaise,1,0,0.76,None,None,0.76,1,4,4,chair,nan,,nan,,23,chair\chair_23.jpg,0,1,nan,,nan,,42,0,42,43,chair,Chaise,Stuhl
1,44,bicycle,2,2,31,bicycle\bicycle_31.jpg,bicycle,Fahrrad,Vélo,1,0,1.22,None,None,1.22,1,2,2,bicycle,nan,,nan,,31,bicycle\bicycle_31.jpg,0,1,nan,,nan,,43,0,43,44,bicycle,Vélo,Fahrrad
1,45,hammer,7,7,31,hammer\hammer_31.jpg,hammer,Hammer,Marteau,1,0,1.05,None,None,1.05,1,7,7,hammer,nan,,nan,,31,hammer\hammer_31.jpg,0,1,nan,,nan,,44,0,44,45,hammer,Marteau,Hammer
1,46,chair,4,4,46,chair\chair_46.jpg,chair,Stuhl,Chaise,1,0,1.12,None,None,1.12,1,4,4,chair,nan,,nan,,46,chair\chair_46.jpg,0,1,nan,,nan,,45,0,45,46,chair,Chaise,Stuhl
1,47,ball,1,2,13,ball\ball_13.jpg,bicycle,Fahrrad,Vélo,1,1,0.92,r,left,0.92,1,1,2,ball,nan,,nan,r,13,ball\ball_13.jpg,1,1,nan,,nan,left,46,0,46,47,bicycle,Vélo,Fahrrad
1,48,bread,3,3,37,bread\bread_37.jpg,bread,Brot,Pain,1,0,0.79,None,None,0.79,1,3,3,bread,nan,,nan,,37,bread\bread_37.jpg,0,1,nan,,nan,,47,0,47,48,bread,Pain,Brot
1,49,dog,5,5,44,dog\dog_44.jpg,dog,Hund,Chien,1,0,1.2,None,None,1.2,1,5,5,dog,nan,,nan,,44,dog\dog_44.jpg,0,1,nan,,nan,,48,0,48,49,dog,Chien,Hund
1,50,jacket,10,10,44,jacket\jacket_44.jpg,jacket,Jacke,Veste,1,0,1.01,None,None,1.01,1,10,10,jacket,0.1727070999913849,g,9.169078500010073,,44,jacket\jacket_44.jpg,0,1,nan,,nan,,49,0,49,50,jacket,Veste,Jacke
2,1,flower,6,6,27,flower\flower_27.jpg,flower,Blume,Fleur,1,0,1.05,None,None,1.05,2,6,6,flower,nan,,nan,,27,flower\flower_27.jpg,0,1,nan,,nan,,50,0,50,1,flower,Fleur,Blume
2,2,chair,4,4,21,chair\chair_21.jpg,chair,Stuhl,Chaise,1,0,1.2,None,None,1.2,2,4,4,chair,nan,,nan,,21,chair\chair_21.jpg,0,1,nan,,nan,,51,0,51,2,chair,Chaise,Stuhl
2,3,hand,8,8,5,hand\hand_05.jpg,hand,Hand,Main,1,0,0.88,None,None,0.88,2,8,8,hand,nan,,nan,,5,hand\hand_05.jpg,0,1,nan,,nan,,52,0,52,3,hand,Main,Hand
2,4,dog,5,5,6,dog\dog_06.jpg,dog,Hund,Chien,1,0,0.98,None,None,0.98,2,5,5,dog,nan,,nan,,6,dog\dog_06.jpg,0,1,nan,,nan,,53,0,53,4,dog,Chien,Hund
2,5,hammer,7,7,31,hammer\hammer_31.jpg,hammer,Hammer,Marteau,1,0,0.84,None,None,0.84,2,7,7,hammer,nan,,nan,,31,hammer\hammer_31.jpg,0,1,nan,,nan,,54,0,54,5,hammer,Marteau,Hammer
2,6,ball,1,1,11,ball\ball_11.jpg,ball,Ball,Ballon,1,0,0.93,None,None,0.93,2,1,1,ball,nan,,nan,,11,ball\ball_11.jpg,0,1,nan,,nan,,55,0,55,6,ball,Ballon,Ball
2,7,hammer,7,7,34,hammer\hammer_34.jpg,hammer,Hammer,Marteau,1,0,1.15,None,None,1.15,2,7,7,hammer,nan,,nan,,34,hammer\hammer_34.jpg,0,1,nan,,nan,,56,0,56,7,hammer,Marteau,Hammer
2,8,bicycle,2,8,45,bicycle\bicycle_45.jpg,hand,Hand,Main,1,1,0.98,r,left,0.98,2,2,8,bicycle,nan,,nan,r,45,bicycle\bicycle_45.jpg,1,1,nan,,nan,left,57,0,57,8,hand,Main,Hand
2,9,bread,3,3,12,bread\bread_12.jpg,bread,Brot,Pain,1,0,0.85,None,None,0.85,2,3,3,bread,nan,,nan,,12,bread\bread_12.jpg,0,1,nan,,nan,,58,0,58,9,bread,Pain,Brot
2,10,hammer,7,7,27,hammer\hammer_27.jpg,hammer,Hammer,Marteau,1,0,0.88,None,None,0.88,2,7,7,hammer,nan,,nan,,27,hammer\hammer_27.jpg,0,1,nan,,nan,,59,0,59,10,hammer,Marteau,Hammer
2,11,bicycle,2,2,46,bicycle\bicycle_46.jpg,bicycle,Fahrrad,Vélo,1,0,1.22,None,None,1.22,2,2,2,bicycle,nan,,nan,,46,bicycle\bicycle_46.jpg,0,1,nan,,nan,,60,0,60,11,bicycle,Vélo,Fahrrad
2,12,jacket,10,4,44,jacket\jacket_44.jpg,chair,Stuhl,Chaise,1,1,0.8,r,left,0.8,2,10,4,jacket,nan,,nan,r,44,jacket\jacket_44.jpg,1,1,nan,,nan,left,61,0,61,12,chair,Chaise,Stuhl
2,13,house,9,9,7,house\house_07.jpg,house,Haus,Maison,1,0,0.87,None,None,0.87,2,9,9,house,nan,,nan,,7,house\house_07.jpg,0,1,nan,,nan,,62,0,62,13,house,Maison,Haus
2,14,ball,1,1,45,ball\ball_45.jpg,ball,Ball,Ballon,1,0,0.86,None,None,0.86,2,1,1,ball,nan,,nan,,45,ball\ball_45.jpg,0,1,nan,,nan,,63,0,63,14,ball,Ballon,Ball
2,15,bread,3,3,37,bread\bread_37.jpg,bread,Brot,Pain,1,0,1.18,None,None,1.18,2,3,3,bread,nan,,nan,,37,bread\bread_37.jpg,0,1,nan,,nan,,64,0,64,15,bread,Pain,Brot
2,16,dog,5,5,30,dog\dog_30.jpg,dog,Hund,Chien,1,0,1.01,None,None,1.01,2,5,5,dog,nan,,nan,,30,dog\dog_30.jpg,0,1,nan,,nan,,65,0,65,16,dog,Chien,Hund
2,17,house,9,9,13,house\house_13.jpg,house,Haus,Maison,1,0,0.95,None,None,0.95,2,9,9,house,nan,,nan,,13,house\house_13.jpg,0,1,nan,,nan,,66,0,66,17,house,Maison,Haus
2,18,jacket,10,10,27,jacket\jacket_27.jpg,jacket,Jacke,Veste,1,0,1.14,None,None,1.14,2,10,10,jacket,nan,,nan,,27,jacket\jacket_27.jpg,0,1,nan,,nan,,67,0,67,18,jacket,Veste,Jacke
2,19,hand,8,8,36,hand\hand_36.jpg,hand,Hand,Main,1,0,1.18,None,None,1.18,2,8,8,hand,nan,,nan,,36,hand\hand_36.jpg,0,1,nan,,nan,,68,0,68,19,hand,Main,Hand
2,20,dog,5,5,39,dog\dog_39.jpg,dog,Hund,Chien,1,0,1.18,None,None,1.18,2,5,5,dog,nan,,nan,,39,dog\dog_39.jpg,0,1,nan,,nan,,69,0,69,20,dog,Chien,Hund
2,21,chair,4,4,46,chair\chair_46.jpg,chair,Stuhl,Chaise,1,0,0.84,None,None,0.84,2,4,4,chair,nan,,nan,,46,chair\chair_46.jpg,0,1,nan,,nan,,70,0,70,21,chair,Chaise,Stuhl
2,22,flower,6,6,32,flower\flower_32.jpg,flower,Blume,Fleur,1,0,1.09,None,None,1.09,2,6,6,flower,nan,,nan,,32,flower\flower_32.jpg,0,1,nan,,nan,,71,0,71,22,flower,Fleur,Blume
2,23,bread,3,3,48,bread\bread_48.jpg,bread,Brot,Pain,1,0,0.89,None,None,0.89,2,3,3,bread,nan,,nan,,48,bread\bread_48.jpg,0,1,nan,,nan,,72,0,72,23,bread,Pain,Brot
2,24,chair,4,4,27,chair\chair_27.jpg,chair,Stuhl,Chaise,1,0,1.07,None,None,1.07,2,4,4,chair,nan,,nan,,27,chair\chair_27.jpg,0,1,nan,,nan,,73,0,73,24,chair,Chaise,Stuhl
2,25,bicycle,2,2,6,bicycle\bicycle_06.jpg,bicycle,Fahrrad,Vélo,1,0,1.24,None,None,1.24,2,2,2,bicycle,nan,,nan,,6,bicycle\bicycle_06.jpg,0,1,nan,,nan,,74,0,74,25,bicycle,Vélo,Fahrrad
2,26,hammer,7,7,14,hammer\hammer_14.jpg,hammer,Hammer,Marteau,1,0,1.19,None,None,1.19,2,7,7,hammer,nan,,nan,,14,hammer\hammer_14.jpg,0,1,nan,,nan,,75,0,75,26,hammer,Marteau,Hammer
2,27,bread,3,3,15,bread\bread_15.jpg,bread,Brot,Pain,1,0,0.78,None,None,0.78,2,3,3,bread,nan,,nan,,15,bread\bread_15.jpg,0,1,nan,,nan,,76,0,76,27,bread,Pain,Brot
2,28,flower,6,6,47,flower\flower_47.jpg,flower,Blume,Fleur,1,0,1.2,None,None,1.2,2,6,6,flower,nan,,nan,,47,flower\flower_47.jpg,0,1,nan,,nan,,77,0,77,28,flower,Fleur,Blume
2,29,jacket,10,10,11,jacket\jacket_11.jpg,jacket,Jacke,Veste,1,0,0.81,None,None,0.81,2,10,10,jacket,nan,,nan,,11,jacket\jacket_11.jpg,0,1,nan,,nan,,78,0,78,29,jacket,Veste,Jacke
2,30,ball,1,5,7,ball\ball_07.jpg,dog,Hund,Chien,1,1,1.21,r,left,1.21,2,1,5,ball,nan,,nan,r,7,ball\ball_07.jpg,1,1,nan,,nan,left,79,0,79,30,dog,Chien,Hund
2,31,chair,4,4,23,chair\chair_23.jpg,chair,Stuhl,Chaise,1,0,0.88,None,None,0.88,2,4,4,chair,nan,,nan,,23,chair\chair_23.jpg,0,1,nan,,nan,,80,0,80,31,chair,Chaise,Stuhl
2,32,flower,6,6,40,flower\flower_40.jpg,flower,Blume,Fleur,1,0,1.13,None,None,1.13,2,6,6,flower,nan,,nan,,40,flower\flower_40.jpg,0,1,nan,,nan,,81,0,81,32,flower,Fleur,Blume
2,33,hand,8,9,18,hand\hand_18.jpg,house,Haus,Maison,1,1,1.22,r,right,1.22,2,8,9,hand,nan,,nan,r,18,hand\hand_18.jpg,1,1,nan,,nan,right,82,0,82,33,house,Maison,Haus
2,34,bicycle,2,2,31,bicycle\bicycle_31.jpg,bicycle,Fahrrad,Vélo,1,0,0.77,None,None,0.77,2,2,2,bicycle,nan,,nan,,31,bicycle\bicycle_31.jpg,0,1,nan,,nan,,83,0,83,34,bicycle,Vélo,Fahrrad
2,35,hand,8,8,14,hand\hand_14.jpg,hand,Hand,Main,1,0,1.04,None,None,1.04,2,8,8,hand,nan,,nan,,14,hand\hand_14.jpg,0,1,nan,,nan,,84,0,84,35,hand,Main,Hand
2,36,jacket,10,10,17,jacket\jacket_17.jpg,jacket,Jacke,Veste,1,0,0.88,None,None,0.88,2,10,10,jacket,nan,,nan,,17,jacket\jacket_17.jpg,0,1,nan,,nan,,85,0,85,36,jacket,Veste,Jacke
2,37,house,9,9,17,house\house_17.jpg,house,Haus,Maison,1,0,1.02,None,None,1.02,2,9,9,house,nan,,nan,,17,house\house_17.jpg,0,1,nan,,nan,,86,0,86,37,house,Maison,Haus
2,38,chair,4,4,45,chair\chair_45.jpg,chair,Stuhl,Chaise,1,0,1.21,None,None,1.21,2,4,4,chair,nan,,nan,,45,chair\chair_45.jpg,0,1,nan,,nan,,87,0,87,38,chair,Chaise,Stuhl
2,39,ball,1,1,5,ball\ball_05.jpg,ball,Ball,Ballon,1,0,0.97,None,None,0.97,2,1,1,ball,nan,,nan,,5,ball\ball_05.jpg,0,1,nan,,nan,,88,0,88,39,ball,Ballon,Ball
2,40,dog,5,5,32,dog\dog_32.jpg,dog,Hund,Chien,1,0,0.98,None,None,0.98,2,5,5,dog,nan,,nan,,32,dog\dog_32.jpg,0,1,nan,,nan,,89,0,89,40,dog,Chien,Hund
2,41,bread,3,3,19,bread\bread_19.jpg,bread,Brot,Pain,1,0,1.17,None,None,1.17,2,3,3,bread,nan,,nan,,19,bread\bread_19.jpg,0,1,nan,,nan,,90,0,90,41,bread,Pain,Brot
2,42,bicycle,2,2,16,bicycle\bicycle_16.jpg,bicycle,Fahrrad,Vélo,1,0,1.02,None,None,1.02,2,2,2,bicycle,nan,,nan,,16,bicycle\bicycle_16.jpg,0,1,nan,,nan,,91,0,91,42,bicycle,Vélo,Fahrrad
2,43,dog,5,5,44,dog\dog_44.jpg,dog,Hund,Chien,1,0,0.76,None,None,0.76,2,5,5,dog,nan,,nan,,44,dog\dog_44.jpg,0,1,nan,,nan,,92,0,92,43,dog,Chien,Hund
2,44,house,9,9,20,house\house_20.jpg,house,Haus,Maison,1,0,1.21,None,None,1.21,2,9,9,house,nan,,nan,,20,house\house_20.jpg,0,1,nan,,nan,,93,0,93,44,house,Maison,Haus
2,45,flower,6,6,14,flower\flower_14.jpg,flower,Blume,Fleur,1,0,0.76,None,None,0.76,2,6,6,flower,nan,,nan,,14,flower\flower_14.jpg,0,1,nan,,nan,,94,0,94,45,flower,Fleur,Blume
2,46,house,9,10,34,house\house_34.jpg,jacket,Jacke,Veste,1,1,1,r,left,1.0,2,9,10,house,nan,,nan,r,34,house\house_34.jpg,1,1,nan,,nan,left,95,0,95,46,jacket,Veste,Jacke
2,47,hammer,7,7,42,hammer\hammer_42.jpg,hammer,Hammer,Marteau,1,0,1,None,None,1.0,2,7,7,hammer,nan,,nan,,42,hammer\hammer_42.jpg,0,1,nan,,nan,,96,0,96,47,hammer,Marteau,Hammer
2,48,ball,1,1,28,ball\ball_28.jpg,ball,Ball,Ballon,1,0,0.75,None,None,0.75,2,1,1,ball,nan,,nan,,28,ball\ball_28.jpg,0,1,nan,,nan,,97,0,97,48,ball,Ballon,Ball
2,49,hand,8,8,10,hand\hand_10.jpg,hand,Hand,Main,1,0,1.21,None,None,1.21,2,8,8,hand,nan,,nan,,10,hand\hand_10.jpg,0,1,nan,,nan,,98,0,98,49,hand,Main,Hand
2,50,jacket,10,10,35,jacket\jacket_35.jpg,jacket,Jacke,Veste,1,0,1.02,None,None,1.02,2,10,10,jacket,0.0777712999843061,r,2.0894659000332467,,35,jacket\jacket_35.jpg,0,1,nan,,nan,,99,0,99,50,jacket,Veste,Jacke
3,1,chair,4,4,14,chair\chair_14.jpg,chair,Stuhl,Chaise,1,0,0.81,None,None,0.81,3,4,4,chair,nan,,nan,,14,chair\chair_14.jpg,0,1,nan,,nan,,100,0,100,1,chair,Chaise,Stuhl
3,2,bicycle,2,6,6,bicycle\bicycle_06.jpg,flower,Blume,Fleur,1,1,1.17,r,left,1.17,3,2,6,bicycle,nan,,nan,r,6,bicycle\bicycle_06.jpg,1,1,nan,,nan,left,101,0,101,2,flower,Fleur,Blume
3,3,dog,5,5,30,dog\dog_30.jpg,dog,Hund,Chien,1,0,1.23,None,None,1.23,3,5,5,dog,nan,,nan,,30,dog\dog_30.jpg,0,1,nan,,nan,,102,0,102,3,dog,Chien,Hund
3,4,jacket,10,10,27,jacket\jacket_27.jpg,jacket,Jacke,Veste,1,0,1.13,None,None,1.13,3,10,10,jacket,nan,,nan,,27,jacket\jacket_27.jpg,0,1,nan,,nan,,103,0,103,4,jacket,Veste,Jacke
3,5,house,9,9,13,house\house_13.jpg,house,Haus,Maison,1,0,1.02,None,None,1.02,3,9,9,house,nan,,nan,,13,house\house_13.jpg,0,1,nan,,nan,,104,0,104,5,house,Maison,Haus
3,6,hammer,7,7,27,hammer\hammer_27.jpg,hammer,Hammer,Marteau,1,0,0.92,None,None,0.92,3,7,7,hammer,nan,,nan,,27,hammer\hammer_27.jpg,0,1,nan,,nan,,105,0,105,6,hammer,Marteau,Hammer
3,7,flower,6,6,40,flower\flower_40.jpg,flower,Blume,Fleur,1,0,1.1,None,None,1.1,3,6,6,flower,nan,,nan,,40,flower\flower_40.jpg,0,1,nan,,nan,,106,0,106,7,flower,Fleur,Blume
3,8,bread,3,3,8,bread\bread_08.jpg,bread,Brot,Pain,1,0,0.96,None,None,0.96,3,3,3,bread,nan,,nan,,8,bread\bread_08.jpg,0,1,nan,,nan,,107,0,107,8,bread,Pain,Brot
3,9,jacket,10,10,11,jacket\jacket_11.jpg,jacket,Jacke,Veste,1,0,1.14,None,None,1.14,3,10,10,jacket,nan,,nan,,11,jacket\jacket_11.jpg,0,1,nan,,nan,,108,0,108,9,jacket,Veste,Jacke
3,10,flower,6,6,32,flower\flower_32.jpg,flower,Blume,Fleur,1,0,1.13,None,None,1.13,3,6,6,flower,nan,,nan,,32,flower\flower_32.jpg,0,1,nan,,nan,,109,0,109,10,flower,Fleur,Blume
3,11,jacket,10,1,35,jacket\jacket_35.jpg,ball,Ball,Ballon,1,1,0.84,r,left,0.84,3,10,1,jacket,nan,,nan,r,35,jacket\jacket_35.jpg,1,1,nan,,nan,left,110,0,110,11,ball,Ballon,Ball
3,12,hand,8,8,36,hand\hand_36.jpg,hand,Hand,Main,1,0,1.02,None,None,1.02,3,8,8,hand,nan,,nan,,36,hand\hand_36.jpg,0,1,nan,,nan,,111,0,111,12,hand,Main,Hand
3,13,ball,1,1,11,ball\ball_11.jpg,ball,Ball,Ballon,1,0,1.25,None,None,1.25,3,1,1,ball,nan,,nan,,11,ball\ball_11.jpg,0,1,nan,,nan,,112,0,112,13,ball,Ballon,Ball
3,14,bread,3,3,37,bread\bread_37.jpg,bread,Brot,Pain,1,0,0.88,None,None,0.88,3,3,3,bread,nan,,nan,,37,bread\bread_37.jpg,0,1,nan,,nan,,113,0,113,14,bread,Pain,Brot
3,15,bicycle,2,2,46,bicycle\bicycle_46.jpg,bicycle,Fahrrad,Vélo,1,0,1.21,None,None,1.21,3,2,2,bicycle,nan,,nan,,46,bicycle\bicycle_46.jpg,0,1,nan,,nan,,114,0,114,15,bicycle,Vélo,Fahrrad
3,16,dog,5,5,32,dog\dog_32.jpg,dog,Hund,Chien,1,0,0.97,None,None,0.97,3,5,5,dog,nan,,nan,,32,dog\dog_32.jpg,0,1,nan,,nan,,115,0,115,16,dog,Chien,Hund
3,17,ball,1,1,5,ball\ball_05.jpg,ball,Ball,Ballon,1,0,1.23,None,None,1.23,3,1,1,ball,nan,,nan,,5,ball\ball_05.jpg,0,1,nan,,nan,,116,0,116,17,ball,Ballon,Ball
3,18,house,9,9,12,house\house_12.jpg,house,Haus,Maison,1,0,0.98,None,None,0.98,3,9,9,house,nan,,nan,,12,house\house_12.jpg,0,1,nan,,nan,,117,0,117,18,house,Maison,Haus
3,19,bicycle,2,2,16,bicycle\bicycle_16.jpg,bicycle,Fahrrad,Vélo,1,0,1.02,None,None,1.02,3,2,2,bicycle,nan,,nan,,16,bicycle\bicycle_16.jpg,0,1,nan,,nan,,118,0,118,19,bicycle,Vélo,Fahrrad
3,20,bread,3,3,48,bread\bread_48.jpg,bread,Brot,Pain,1,0,1,None,None,1.0,3,3,3,bread,nan,,nan,,48,bread\bread_48.jpg,0,1,nan,,nan,,119,0,119,20,bread,Pain,Brot
3,21,flower,6,6,14,flower\flower_14.jpg,flower,Blume,Fleur,1,0,0.77,None,None,0.77,3,6,6,flower,nan,,nan,,14,flower\flower_14.jpg,0,1,nan,,nan,,120,0,120,21,flower,Fleur,Blume
3,22,ball,1,1,14,ball\ball_14.jpg,ball,Ball,Ballon,1,0,1.12,None,None,1.12,3,1,1,ball,nan,,nan,,14,ball\ball_14.jpg,0,1,nan,,nan,,121,0,121,22,ball,Ballon,Ball
3,23,house,9,9,7,house\house_07.jpg,house,Haus,Maison,1,0,0.84,None,None,0.84,3,9,9,house,nan,,nan,,7,house\house_07.jpg,0,1,nan,,nan,,122,0,122,23,house,Maison,Haus
3,24,bread,3,8,15,bread\bread_15.jpg,hand,Hand,Main,1,1,1.04,r,left,1.04,3,3,8,bread,nan,,nan,r,15,bread\bread_15.jpg,1,1,nan,,nan,left,123,0,123,24,hand,Main,Hand
3,25,chair,4,4,45,chair\chair_45.jpg,chair,Stuhl,Chaise,1,0,0.99,None,None,0.99,3,4,4,chair,nan,,nan,,45,chair\chair_45.jpg,0,1,nan,,nan,,124,0,124,25,chair,Chaise,Stuhl
3,26,hand,8,8,5,hand\hand_05.jpg,hand,Hand,Main,1,0,1.14,None,None,1.14,3,8,8,hand,nan,,nan,,5,hand\hand_05.jpg,0,1,nan,,nan,,125,0,125,26,hand,Main,Hand
3,27,chair,4,4,23,chair\chair_23.jpg,chair,Stuhl,Chaise,1,0,1.02,None,None,1.02,3,4,4,chair,nan,,nan,,23,chair\chair_23.jpg,0,1,nan,,nan,,126,0,126,27,chair,Chaise,Stuhl
3,28,dog,5,5,11,dog\dog_11.jpg,dog,Hund,Chien,1,0,0.9,None,None,0.9,3,5,5,dog,nan,,nan,,11,dog\dog_11.jpg,0,1,nan,,nan,,127,0,127,28,dog,Chien,Hund
3,29,flower,6,6,27,flower\flower_27.jpg,flower,Blume,Fleur,1,0,1.13,None,None,1.13,3,6,6,flower,nan,,nan,,27,flower\flower_27.jpg,0,1,nan,,nan,,128,0,128,29,flower,Fleur,Blume
3,30,hand,8,8,10,hand\hand_10.jpg,hand,Hand,Main,1,0,1.09,None,None,1.09,3,8,8,hand,nan,,nan,,10,hand\hand_10.jpg,0,1,nan,,nan,,129,0,129,30,hand,Main,Hand
3,31,dog,5,5,44,dog\dog_44.jpg,dog,Hund,Chien,1,0,1.12,None,None,1.12,3,5,5,dog,nan,,nan,,44,dog\dog_44.jpg,0,1,nan,,nan,,130,0,130,31,dog,Chien,Hund
3,32,jacket,10,10,17,jacket\jacket_17.jpg,jacket,Jacke,Veste,1,0,1.23,None,None,1.23,3,10,10,jacket,nan,,nan,,17,jacket\jacket_17.jpg,0,1,nan,,nan,,131,0,131,32,jacket,Veste,Jacke
3,33,hammer,7,7,14,hammer\hammer_14.jpg,hammer,Hammer,Marteau,1,0,0.87,None,None,0.87,3,7,7,hammer,nan,,nan,,14,hammer\hammer_14.jpg,0,1,nan,,nan,,132,0,132,33,hammer,Marteau,Hammer
3,34,ball,1,9,45,ball\ball_45.jpg,house,Haus,Maison,1,1,0.87,r,right,0.87,3,1,9,ball,nan,,nan,r,45,ball\ball_45.jpg,1,1,nan,,nan,right,133,0,133,34,house,Maison,Haus
3,35,bicycle,2,2,31,bicycle\bicycle_31.jpg,bicycle,Fahrrad,Vélo,1,0,0.81,None,None,0.81,3,2,2,bicycle,nan,,nan,,31,bicycle\bicycle_31.jpg,0,1,nan,,nan,,134,0,134,35,bicycle,Vélo,Fahrrad
3,36,jacket,10,10,3,jacket\jacket_03.jpg,jacket,Jacke,Veste,1,0,1.03,None,None,1.03,3,10,10,jacket,nan,,nan,,3,jacket\jacket_03.jpg,0,1,nan,,nan,,135,0,135,36,jacket,Veste,Jacke
3,37,hammer,7,7,31,hammer\hammer_31.jpg,hammer,Hammer,Marteau,1,0,1.1,None,None,1.1,3,7,7,hammer,nan,,nan,,31,hammer\hammer_31.jpg,0,1,nan,,nan,,136,0,136,37,hammer,Marteau,Hammer
3,38,chair,4,4,46,chair\chair_46.jpg,chair,Stuhl,Chaise,1,0,1.14,None,None,1.14,3,4,4,chair,nan,,nan,,46,chair\chair_46.jpg,0,1,nan,,nan,,137,0,137,38,chair,Chaise,Stuhl
3,39,hammer,7,7,26,hammer\hammer_26.jpg,hammer,Hammer,Marteau,1,0,0.76,None,None,0.76,3,7,7,hammer,nan,,nan,,26,hammer\hammer_26.jpg,0,1,nan,,nan,,138,0,138,39,hammer,Marteau,Hammer
3,40,hand,8,8,14,hand\hand_14.jpg,hand,Hand,Main,1,0,0.8,None,None,0.8,3,8,8,hand,nan,,nan,,14,hand\hand_14.jpg,0,1,nan,,nan,,139,0,139,40,hand,Main,Hand
3,41,chair,4,4,21,chair\chair_21.jpg,chair,Stuhl,Chaise,1,0,0.84,None,None,0.84,3,4,4,chair,nan,,nan,,21,chair\chair_21.jpg,0,1,nan,,nan,,140,0,140,41,chair,Chaise,Stuhl
3,42,dog,5,5,39,dog\dog_39.jpg,dog,Hund,Chien,1,0,1.15,None,None,1.15,3,5,5,dog,nan,,nan,,39,dog\dog_39.jpg,0,1,nan,,nan,,141,0,141,42,dog,Chien,Hund
3,43,house,9,7,17,house\house_17.jpg,hammer,Hammer,Marteau,1,1,1.24,r,left,1.24,3,9,7,house,nan,,nan,r,17,house\house_17.jpg,1,1,nan,,nan,left,142,0,142,43,hammer,Marteau,Hammer
3,44,bicycle,2,2,25,bicycle\bicycle_25.jpg,bicycle,Fahrrad,Vélo,1,0,1.13,None,None,1.13,3,2,2,bicycle,nan,,nan,,25,bicycle\bicycle_25.jpg,0,1,nan,,nan,,143,0,143,44,bicycle,Vélo,Fahrrad
3,45,flower,6,6,24,flower\flower_24.jpg,flower,Blume,Fleur,1,0,1.03,None,None,1.03,3,6,6,flower,nan,,nan,,24,flower\flower_24.jpg,0,1,nan,,nan,,144,0,144,45,flower,Fleur,Blume
3,46,house,9,9,20,house\house_20.jpg,house,Haus,Maison,1,0,1.15,None,None,1.15,3,9,9,house,nan,,nan,,20,house\house_20.jpg,0,1,nan,,nan,,145,0,145,46,house,Maison,Haus
3,47,ball,1,1,28,ball\ball_28.jpg,ball,Ball,Ballon,1,0,1.06,None,None,1.06,3,1,1,ball,nan,,nan,,28,ball\ball_28.jpg,0,1,nan,,nan,,146,0,146,47,ball,Ballon,Ball
3,48,hammer,7,7,42,hammer\hammer_42.jpg,hammer,Hammer,Marteau,1,0,0.8,None,None,0.8,3,7,7,hammer,nan,,nan,,42,hammer\hammer_42.jpg,0,1,nan,,nan,,147,0,147,48,hammer,Marteau,Hammer
3,49,bread,3,3,12,bread\bread_12.jpg,bread,Brot,Pain,1,0,1.01,None,None,1.01,3,3,3,bread,nan,,nan,,12,bread\bread_12.jpg,0,1,nan,,nan,,148,0,148,49,bread,Pain,Brot
3,50,hand,8,8,46,hand\hand_46.jpg,hand,Hand,Main,1,0,1,None,None,1.0,3,8,8,hand,0.0836610000114888,r,30.253421999979764,,46,hand\hand_46.jpg,0,1,nan,,nan,,149,0,149,50,hand,Main,Hand
4,1,jacket,10,10,17,jacket\jacket_17.jpg,jacket,Jacke,Veste,1,0,0.78,None,None,0.78,4,10,10,jacket,nan,,nan,,17,jacket\jacket_17.jpg,0,1,nan,,nan,,150,0,150,1,jacket,Veste,Jacke
4,2,hammer,7,7,36,hammer\hammer_36.jpg,hammer,Hammer,Marteau,1,0,1.14,None,None,1.14,4,7,7,hammer,nan,,nan,,36,hammer\hammer_36.jpg,0,1,nan,,nan,,151,0,151,2,hammer,Marteau,Hammer
4,3,bread,3,3,13,bread\bread_13.jpg,bread,Brot,Pain,1,0,0.81,None,None,0.81,4,3,3,bread,nan,,nan,,13,bread\bread_13.jpg,0,1,nan,,nan,,152,0,152,3,bread,Pain,Brot
4,4,dog,5,5,32,dog\dog_32.jpg,dog,Hund,Chien,1,0,0.9,None,None,0.9,4,5,5,dog,nan,,nan,,32,dog\dog_32.jpg,0,1,nan,,nan,,153,0,153,4,dog,Chien,Hund
4,5,hammer,7,7,14,hammer\hammer_14.jpg,hammer,Hammer,Marteau,1,0,1.15,None,None,1.15,4,7,7,hammer,nan,,nan,,14,hammer\hammer_14.jpg,0,1,nan,,nan,,154,0,154,5,hammer,Marteau,Hammer
4,6,chair,4,4,23,chair\chair_23.jpg,chair,Stuhl,Chaise,1,0,1.23,None,None,1.23,4,4,4,chair,nan,,nan,,23,chair\chair_23.jpg,0,1,nan,,nan,,155,0,155,6,chair,Chaise,Stuhl
4,7,bicycle,2,9,31,bicycle\bicycle_31.jpg,house,Haus,Maison,1,1,0.95,r,left,0.95,4,2,9,bicycle,nan,,nan,r,31,bicycle\bicycle_31.jpg,1,1,nan,,nan,left,156,0,156,7,house,Maison,Haus
4,8,ball,1,1,28,ball\ball_28.jpg,ball,Ball,Ballon,1,0,1.12,None,None,1.12,4,1,1,ball,nan,,nan,,28,ball\ball_28.jpg,0,1,nan,,nan,,157,0,157,8,ball,Ballon,Ball
4,9,hand,8,8,5,hand\hand_05.jpg,hand,Hand,Main,1,0,1.23,None,None,1.23,4,8,8,hand,nan,,nan,,5,hand\hand_05.jpg,0,1,nan,,nan,,158,0,158,9,hand,Main,Hand
4,10,dog,5,5,3,dog\dog_03.jpg,dog,Hund,Chien,1,0,1.05,None,None,1.05,4,5,5,dog,nan,,nan,,3,dog\dog_03.jpg,0,1,nan,,nan,,159,0,159,10,dog,Chien,Hund
4,11,chair,4,4,14,chair\chair_14.jpg,chair,Stuhl,Chaise,1,0,1.13,None,None,1.13,4,4,4,chair,nan,,nan,,14,chair\chair_14.jpg,0,1,nan,,nan,,160,0,160,11,chair,Chaise,Stuhl
4,12,bread,3,3,8,bread\bread_08.jpg,bread,Brot,Pain,1,0,0.89,None,None,0.89,4,3,3,bread,nan,,nan,,8,bread\bread_08.jpg,0,1,nan,,nan,,161,0,161,12,bread,Pain,Brot
4,13,flower,6,6,27,flower\flower_27.jpg,flower,Blume,Fleur,1,0,1.24,None,None,1.24,4,6,6,flower,nan,,nan,,27,flower\flower_27.jpg,0,1,nan,,nan,,162,0,162,13,flower,Fleur,Blume
4,14,hand,8,8,14,hand\hand_14.jpg,hand,Hand,Main,1,0,1.17,None,None,1.17,4,8,8,hand,nan,,nan,,14,hand\hand_14.jpg,0,1,nan,,nan,,163,0,163,14,hand,Main,Hand
4,15,bicycle,2,2,3,bicycle\bicycle_03.jpg,bicycle,Fahrrad,Vélo,1,0,1,None,None,1.0,4,2,2,bicycle,nan,,nan,,3,bicycle\bicycle_03.jpg,0,1,nan,,nan,,164,0,164,15,bicycle,Vélo,Fahrrad
4,16,ball,1,1,14,ball\ball_14.jpg,ball,Ball,Ballon,1,0,0.87,None,None,0.87,4,1,1,ball,nan,,nan,,14,ball\ball_14.jpg,0,1,nan,,nan,,165,0,165,16,ball,Ballon,Ball
4,17,flower,6,6,32,flower\flower_32.jpg,flower,Blume,Fleur,1,0,1.18,None,None,1.18,4,6,6,flower,nan,,nan,,32,flower\flower_32.jpg,0,1,nan,,nan,,166,0,166,17,flower,Fleur,Blume
4,18,chair,4,5,45,chair\chair_45.jpg,dog,Hund,Chien,1,1,1.17,r,left,1.17,4,4,5,chair,nan,,nan,r,45,chair\chair_45.jpg,1,1,nan,,nan,left,167,0,167,18,dog,Chien,Hund
4,19,house,9,9,20,house\house_20.jpg,house,Haus,Maison,1,0,0.98,None,None,0.98,4,9,9,house,nan,,nan,,20,house\house_20.jpg,0,1,nan,,nan,,168,0,168,19,house,Maison,Haus
4,20,flower,6,6,24,flower\flower_24.jpg,flower,Blume,Fleur,1,0,0.95,None,None,0.95,4,6,6,flower,nan,,nan,,24,flower\flower_24.jpg,0,1,nan,,nan,,169,0,169,20,flower,Fleur,Blume
4,21,bicycle,2,2,16,bicycle\bicycle_16.jpg,bicycle,Fahrrad,Vélo,1,0,1.07,None,None,1.07,4,2,2,bicycle,nan,,nan,,16,bicycle\bicycle_16.jpg,0,1,nan,,nan,,170,0,170,21,bicycle,Vélo,Fahrrad
4,22,jacket,10,10,27,jacket\jacket_27.jpg,jacket,Jacke,Veste,1,0,1.22,None,None,1.22,4,10,10,jacket,nan,,nan,,27,jacket\jacket_27.jpg,0,1,nan,,nan,,171,0,171,22,jacket,Veste,Jacke
4,23,house,9,9,16,house\house_16.jpg,house,Haus,Maison,1,0,1.22,None,None,1.22,4,9,9,house,nan,,nan,,16,house\house_16.jpg,0,1,nan,,nan,,172,0,172,23,house,Maison,Haus
4,24,bread,3,3,12,bread\bread_12.jpg,bread,Brot,Pain,1,0,0.97,None,None,0.97,4,3,3,bread,nan,,nan,,12,bread\bread_12.jpg,0,1,nan,,nan,,173,0,173,24,bread,Pain,Brot
4,25,hand,8,8,46,hand\hand_46.jpg,hand,Hand,Main,1,0,1.15,None,None,1.15,4,8,8,hand,nan,,nan,,46,hand\hand_46.jpg,0,1,nan,,nan,,174,0,174,25,hand,Main,Hand
4,26,ball,1,7,5,ball\ball_05.jpg,hammer,Hammer,Marteau,1,1,1.04,r,right,1.04,4,1,7,ball,nan,,nan,r,5,ball\ball_05.jpg,1,1,nan,,nan,right,175,0,175,26,hammer,Marteau,Hammer
4,27,bread,3,3,48,bread\bread_48.jpg,bread,Brot,Pain,1,0,1,None,None,1.0,4,3,3,bread,nan,,nan,,48,bread\bread_48.jpg,0,1,nan,,nan,,176,0,176,27,bread,Pain,Brot
4,28,hand,8,8,7,hand\hand_07.jpg,hand,Hand,Main,1,0,1.06,None,None,1.06,4,8,8,hand,nan,,nan,,7,hand\hand_07.jpg,0,1,nan,,nan,,177,0,177,28,hand,Main,Hand
4,29,house,9,9,13,house\house_13.jpg,house,Haus,Maison,1,0,1.06,None,None,1.06,4,9,9,house,nan,,nan,,13,house\house_13.jpg,0,1,nan,,nan,,178,0,178,29,house,Maison,Haus
4,30,chair,4,4,21,chair\chair_21.jpg,chair,Stuhl,Chaise,1,0,1.1,None,None,1.1,4,4,4,chair,nan,,nan,,21,chair\chair_21.jpg,0,1,nan,,nan,,179,0,179,30,chair,Chaise,Stuhl
4,31,bicycle,2,2,46,bicycle\bicycle_46.jpg,bicycle,Fahrrad,Vélo,1,0,1.15,None,None,1.15,4,2,2,bicycle,nan,,nan,,46,bicycle\bicycle_46.jpg,0,1,nan,,nan,,180,0,180,31,bicycle,Vélo,Fahrrad
4,32,hammer,7,7,26,hammer\hammer_26.jpg,hammer,Hammer,Marteau,1,0,1.07,None,None,1.07,4,7,7,hammer,nan,,nan,,26,hammer\hammer_26.jpg,0,1,nan,,nan,,181,0,181,32,hammer,Marteau,Hammer
4,33,dog,5,5,44,dog\dog_44.jpg,dog,Hund,Chien,1,0,1.21,None,None,1.21,4,5,5,dog,nan,,nan,,44,dog\dog_44.jpg,0,1,nan,,nan,,182,0,182,33,dog,Chien,Hund
4,34,flower,6,6,20,flower\flower_20.jpg,flower,Blume,Fleur,1,0,1.05,None,None,1.05,4,6,6,flower,nan,,nan,,20,flower\flower_20.jpg,0,1,nan,,nan,,183,0,183,34,flower,Fleur,Blume
4,35,hand,8,8,36,hand\hand_36.jpg,hand,Hand,Main,1,0,0.81,None,None,0.81,4,8,8,hand,nan,,nan,,36,hand\hand_36.jpg,0,1,nan,,nan,,184,0,184,35,hand,Main,Hand
4,36,bread,3,10,37,bread\bread_37.jpg,jacket,Jacke,Veste,1,1,1.15,r,left,1.15,4,3,10,bread,nan,,nan,r,37,bread\bread_37.jpg,1,1,nan,,nan,left,185,0,185,36,jacket,Veste,Jacke
4,37,dog,5,5,39,dog\dog_39.jpg,dog,Hund,Chien,1,0,0.76,None,None,0.76,4,5,5,dog,nan,,nan,,39,dog\dog_39.jpg,0,1,nan,,nan,,186,0,186,37,dog,Chien,Hund
4,38,bicycle,2,2,25,bicycle\bicycle_25.jpg,bicycle,Fahrrad,Vélo,1,0,0.89,None,None,0.89,4,2,2,bicycle,nan,,nan,,25,bicycle\bicycle_25.jpg,0,1,nan,,nan,,187,0,187,38,bicycle,Vélo,Fahrrad
4,39,ball,1,1,11,ball\ball_11.jpg,ball,Ball,Ballon,1,0,1.2,None,None,1.2,4,1,1,ball,nan,,nan,,11,ball\ball_11.jpg,0,1,nan,,nan,,188,0,188,39,ball,Ballon,Ball
4,40,house,9,9,7,house\house_07.jpg,house,Haus,Maison,1,0,0.84,None,None,0.84,4,9,9,house,nan,,nan,,7,house\house_07.jpg,0,1,nan,,nan,,189,0,189,40,house,Maison,Haus
4,41,jacket,10,10,3,jacket\jacket_03.jpg,jacket,Jacke,Veste,1,0,0.83,None,None,0.83,4,10,10,jacket,nan,,nan,,3,jacket\jacket_03.jpg,0,1,nan,,nan,,190,0,190,41,jacket,Veste,Jacke
4,42,flower,6,6,40,flower\flower_40.jpg,flower,Blume,Fleur,1,0,1.13,None,None,1.13,4,6,6,flower,nan,,nan,,40,flower\flower_40.jpg,0,1,nan,,nan,,191,0,191,42,flower,Fleur,Blume
4,43,ball,1,1,30,ball\ball_30.jpg,ball,Ball,Ballon,1,0,1.04,None,None,1.04,4,1,1,ball,nan,,nan,,30,ball\ball_30.jpg,0,1,nan,,nan,,192,0,192,43,ball,Ballon,Ball
4,44,hammer,7,7,42,hammer\hammer_42.jpg,hammer,Hammer,Marteau,1,0,1.13,None,None,1.13,4,7,7,hammer,nan,,nan,,42,hammer\hammer_42.jpg,0,1,nan,,nan,,193,0,193,44,hammer,Marteau,Hammer
4,45,chair,4,4,15,chair\chair_15.jpg,chair,Stuhl,Chaise,1,0,1.23,None,None,1.23,4,4,4,chair,nan,,nan,,15,chair\chair_15.jpg,0,1,nan,,nan,,194,0,194,45,chair,Chaise,Stuhl
4,46,jacket,10,10,1,jacket\jacket_01.jpg,jacket,Jacke,Veste,1,0,0.82,None,None,0.82,4,10,10,jacket,nan,,nan,,1,jacket\jacket_01.jpg,0,1,nan,,nan,,195,0,195,46,jacket,Veste,Jacke
4,47,house,9,9,12,house\house_12.jpg,house,Haus,Maison,1,0,0.93,None,None,0.93,4,9,9,house,nan,,nan,,12,house\house_12.jpg,0,1,nan,,nan,,196,0,196,47,house,Maison,Haus
4,48,jacket,10,7,11,jacket\jacket_11.jpg,hammer,Hammer,Marteau,1,1,0.78,r,left,0.78,4,10,7,jacket,nan,,nan,r,11,jacket\jacket_11.jpg,1,1,nan,,nan,left,197,0,197,48,hammer,Marteau,Hammer
4,49,dog,5,5,11,dog\dog_11.jpg,dog,Hund,Chien,1,0,1.23,None,None,1.23,4,5,5,dog,nan,,nan,,11,dog\dog_11.jpg,0,1,nan,,nan,,198,0,198,49,dog,Chien,Hund
4,50,hammer,7,7,31,hammer\hammer_31.jpg,hammer,Hammer,Marteau,1,0,1.18,None,None,1.18,4,7,7,hammer,0.09539679996669292,r,4.904319200024474,,31,hammer\hammer_31.jpg,0,1,nan,,nan,,199,0,199,50,hammer,Marteau,Hammer
5,1,bread,3,3,16,bread\bread_16.jpg,bread,Brot,Pain,1,0,1.06,None,None,1.06,5,3,3,bread,nan,,nan,,16,bread\bread_16.jpg,0,1,nan,,nan,,200,0,200,1,bread,Pain,Brot
5,2,flower,6,6,32,flower\flower_32.jpg,flower,Blume,Fleur,1,0,0.86,None,None,0.86,5,6,6,flower,nan,,nan,,32,flower\flower_32.jpg,0,1,nan,,nan,,201,0,201,2,flower,Fleur,Blume
5,3,ball,1,3,11,ball\ball_11.jpg,bread,Brot,Pain,1,1,0.88,r,left,0.88,5,1,3,ball,nan,,nan,r,11,ball\ball_11.jpg,1,1,nan,,nan,left,202,0,202,3,bread,Pain,Brot
5,4,dog,5,5,3,dog\dog_03.jpg,dog,Hund,Chien,1,0,1.19,None,None,1.19,5,5,5,dog,nan,,nan,,3,dog\dog_03.jpg,0,1,nan,,nan,,203,0,203,4,dog,Chien,Hund
5,5,chair,4,4,14,chair\chair_14.jpg,chair,Stuhl,Chaise,1,0,1.08,None,None,1.08,5,4,4,chair,nan,,nan,,14,chair\chair_14.jpg,0,1,nan,,nan,,204,0,204,5,chair,Chaise,Stuhl
5,6,jacket,10,10,32,jacket\jacket_32.jpg,jacket,Jacke,Veste,1,0,0.91,None,None,0.91,5,10,10,jacket,nan,,nan,,32,jacket\jacket_32.jpg,0,1,nan,,nan,,205,0,205,6,jacket,Veste,Jacke
5,7,hand,8,8,46,hand\hand_46.jpg,hand,Hand,Main,1,0,1.15,None,None,1.15,5,8,8,hand,nan,,nan,,46,hand\hand_46.jpg,0,1,nan,,nan,,206,0,206,7,hand,Main,Hand
5,8,dog,5,5,1,dog\dog_01.jpg,dog,Hund,Chien,1,0,1.24,None,None,1.24,5,5,5,dog,nan,,nan,,1,dog\dog_01.jpg,0,1,nan,,nan,,207,0,207,8,dog,Chien,Hund
5,9,flower,6,6,20,flower\flower_20.jpg,flower,Blume,Fleur,1,0,1,None,None,1.0,5,6,6,flower,nan,,nan,,20,flower\flower_20.jpg,0,1,nan,,nan,,208,0,208,9,flower,Fleur,Blume
5,10,house,9,9,12,house\house_12.jpg,house,Haus,Maison,1,0,1.15,None,None,1.15,5,9,9,house,nan,,nan,,12,house\house_12.jpg,0,1,nan,,nan,,209,0,209,10,house,Maison,Haus
5,11,bicycle,2,2,3,bicycle\bicycle_03.jpg,bicycle,Fahrrad,Vélo,1,0,1.13,None,None,1.13,5,2,2,bicycle,nan,,nan,,3,bicycle\bicycle_03.jpg,0,1,nan,,nan,,210,0,210,11,bicycle,Vélo,Fahrrad
5,12,ball,1,1,30,ball\ball_30.jpg,ball,Ball,Ballon,1,0,0.79,None,None,0.79,5,1,1,ball,nan,,nan,,30,ball\ball_30.jpg,0,1,nan,,nan,,211,0,211,12,ball,Ballon,Ball
5,13,jacket,10,10,3,jacket\jacket_03.jpg,jacket,Jacke,Veste,1,0,1.11,None,None,1.11,5,10,10,jacket,nan,,nan,,3,jacket\jacket_03.jpg,0,1,nan,,nan,,212,0,212,13,jacket,Veste,Jacke
5,14,ball,1,1,28,ball\ball_28.jpg,ball,Ball,Ballon,1,0,0.77,None,None,0.77,5,1,1,ball,nan,,nan,,28,ball\ball_28.jpg,0,1,nan,,nan,,213,0,213,14,ball,Ballon,Ball
5,15,chair,4,4,21,chair\chair_21.jpg,chair,Stuhl,Chaise,1,0,0.98,None,None,0.98,5,4,4,chair,nan,,nan,,21,chair\chair_21.jpg,0,1,nan,,nan,,214,0,214,15,chair,Chaise,Stuhl
5,16,flower,6,6,24,flower\flower_24.jpg,flower,Blume,Fleur,1,0,0.79,None,None,0.79,5,6,6,flower,nan,,nan,,24,flower\flower_24.jpg,0,1,nan,,nan,,215,0,215,16,flower,Fleur,Blume
5,17,hammer,7,7,42,hammer\hammer_42.jpg,hammer,Hammer,Marteau,1,0,1.15,None,None,1.15,5,7,7,hammer,nan,,nan,,42,hammer\hammer_42.jpg,0,1,nan,,nan,,216,0,216,17,hammer,Marteau,Hammer
5,18,house,9,9,20,house\house_20.jpg,house,Haus,Maison,1,0,1.09,None,None,1.09,5,9,9,house,nan,,nan,,20,house\house_20.jpg,0,1,nan,,nan,,217,0,217,18,house,Maison,Haus
5,19,hammer,7,7,14,hammer\hammer_14.jpg,hammer,Hammer,Marteau,1,0,1.17,None,None,1.17,5,7,7,hammer,nan,,nan,,14,hammer\hammer_14.jpg,0,1,nan,,nan,,218,0,218,19,hammer,Marteau,Hammer
5,20,bread,3,6,48,bread\bread_48.jpg,flower,Blume,Fleur,1,1,1.01,r,right,1.01,5,3,6,bread,nan,,nan,r,48,bread\bread_48.jpg,1,1,nan,,nan,right,219,0,219,20,flower,Fleur,Blume
5,21,bicycle,2,2,14,bicycle\bicycle_14.jpg,bicycle,Fahrrad,Vélo,1,0,1,None,None,1.0,5,2,2,bicycle,nan,,nan,,14,bicycle\bicycle_14.jpg,0,1,nan,,nan,,220,0,220,21,bicycle,Vélo,Fahrrad
5,22,bread,3,3,13,bread\bread_13.jpg,bread,Brot,Pain,1,0,0.88,None,None,0.88,5,3,3,bread,nan,,nan,,13,bread\bread_13.jpg,0,1,nan,,nan,,221,0,221,22,bread,Pain,Brot
5,23,hand,8,8,7,hand\hand_07.jpg,hand,Hand,Main,1,0,1.11,None,None,1.11,5,8,8,hand,nan,,nan,,7,hand\hand_07.jpg,0,1,nan,,nan,,222,0,222,23,hand,Main,Hand
5,24,house,9,9,7,house\house_07.jpg,house,Haus,Maison,1,0,0.92,None,None,0.92,5,9,9,house,nan,,nan,,7,house\house_07.jpg,0,1,nan,,nan,,223,0,223,24,house,Maison,Haus
5,25,hand,8,8,36,hand\hand_36.jpg,hand,Hand,Main,1,0,0.83,None,None,0.83,5,8,8,hand,nan,,nan,,36,hand\hand_36.jpg,0,1,nan,,nan,,224,0,224,25,hand,Main,Hand
5,26,house,9,9,3,house\house_03.jpg,house,Haus,Maison,1,0,0.84,None,None,0.84,5,9,9,house,nan,,nan,,3,house\house_03.jpg,0,1,nan,,nan,,225,0,225,26,house,Maison,Haus
5,27,jacket,10,10,27,jacket\jacket_27.jpg,jacket,Jacke,Veste,1,0,0.95,None,None,0.95,5,10,10,jacket,nan,,nan,,27,jacket\jacket_27.jpg,0,1,nan,,nan,,226,0,226,27,jacket,Veste,Jacke
5,28,bicycle,2,4,46,bicycle\bicycle_46.jpg,chair,Stuhl,Chaise,1,1,1.11,r,left,1.11,5,2,4,bicycle,nan,,nan,r,46,bicycle\bicycle_46.jpg,1,1,nan,,nan,left,227,0,227,28,chair,Chaise,Stuhl
5,29,hammer,7,7,26,hammer\hammer_26.jpg,hammer,Hammer,Marteau,1,0,1.19,None,None,1.19,5,7,7,hammer,nan,,nan,,26,hammer\hammer_26.jpg,0,1,nan,,nan,,228,0,228,29,hammer,Marteau,Hammer
5,30,flower,6,6,27,flower\flower_27.jpg,flower,Blume,Fleur,1,0,1.13,None,None,1.13,5,6,6,flower,nan,,nan,,27,flower\flower_27.jpg,0,1,nan,,nan,,229,0,229,30,flower,Fleur,Blume
5,31,house,9,9,16,house\house_16.jpg,house,Haus,Maison,1,0,1.11,None,None,1.11,5,9,9,house,nan,,nan,,16,house\house_16.jpg,0,1,nan,,nan,,230,0,230,31,house,Maison,Haus
5,32,jacket,10,10,17,jacket\jacket_17.jpg,jacket,Jacke,Veste,1,0,1.21,None,None,1.21,5,10,10,jacket,nan,,nan,,17,jacket\jacket_17.jpg,0,1,nan,,nan,,231,0,231,32,jacket,Veste,Jacke
5,33,chair,4,4,17,chair\chair_17.jpg,chair,Stuhl,Chaise,1,0,0.75,None,None,0.75,5,4,4,chair,nan,,nan,,17,chair\chair_17.jpg,0,1,nan,,nan,,232,0,232,33,chair,Chaise,Stuhl
5,34,dog,5,5,11,dog\dog_11.jpg,dog,Hund,Chien,1,0,1.17,None,None,1.17,5,5,5,dog,nan,,nan,,11,dog\dog_11.jpg,0,1,nan,,nan,,233,0,233,34,dog,Chien,Hund
5,35,bread,3,3,12,bread\bread_12.jpg,bread,Brot,Pain,1,0,1.16,None,None,1.16,5,3,3,bread,nan,,nan,,12,bread\bread_12.jpg,0,1,nan,,nan,,234,0,234,35,bread,Pain,Brot
5,36,hand,8,8,14,hand\hand_14.jpg,hand,Hand,Main,1,0,0.83,None,None,0.83,5,8,8,hand,nan,,nan,,14,hand\hand_14.jpg,0,1,nan,,nan,,235,0,235,36,hand,Main,Hand
5,37,flower,6,6,6,flower\flower_06.jpg,flower,Blume,Fleur,1,0,1.2,None,None,1.2,5,6,6,flower,nan,,nan,,6,flower\flower_06.jpg,0,1,nan,,nan,,236,0,236,37,flower,Fleur,Blume
5,38,dog,5,5,32,dog\dog_32.jpg,dog,Hund,Chien,1,0,0.95,None,None,0.95,5,5,5,dog,nan,,nan,,32,dog\dog_32.jpg,0,1,nan,,nan,,237,0,237,38,dog,Chien,Hund
5,39,bicycle,2,2,16,bicycle\bicycle_16.jpg,bicycle,Fahrrad,Vélo,1,0,1.25,None,None,1.25,5,2,2,bicycle,nan,,nan,,16,bicycle\bicycle_16.jpg,0,1,nan,,nan,,238,0,238,39,bicycle,Vélo,Fahrrad
5,40,chair,4,7,23,chair\chair_23.jpg,hammer,Hammer,Marteau,1,1,1.08,r,right,1.08,5,4,7,chair,nan,,nan,r,23,chair\chair_23.jpg,1,1,nan,,nan,right,239,0,239,40,hammer,Marteau,Hammer
5,41,ball,1,1,25,ball\ball_25.jpg,ball,Ball,Ballon,1,0,0.96,None,None,0.96,5,1,1,ball,nan,,nan,,25,ball\ball_25.jpg,0,1,nan,,nan,,240,0,240,41,ball,Ballon,Ball
5,42,bread,3,3,8,bread\bread_08.jpg,bread,Brot,Pain,1,0,1.06,None,None,1.06,5,3,3,bread,nan,,nan,,8,bread\bread_08.jpg,0,1,nan,,nan,,241,0,241,42,bread,Pain,Brot
5,43,chair,4,4,15,chair\chair_15.jpg,chair,Stuhl,Chaise,1,0,1.11,None,None,1.11,5,4,4,chair,nan,,nan,,15,chair\chair_15.jpg,0,1,nan,,nan,,242,0,242,43,chair,Chaise,Stuhl
5,44,hammer,7,7,36,hammer\hammer_36.jpg,hammer,Hammer,Marteau,1,0,1.01,None,None,1.01,5,7,7,hammer,nan,,nan,,36,hammer\hammer_36.jpg,0,1,nan,,nan,,243,0,243,44,hammer,Marteau,Hammer
5,45,ball,1,1,14,ball\ball_14.jpg,ball,Ball,Ballon,1,0,0.77,None,None,0.77,5,1,1,ball,nan,,nan,,14,ball\ball_14.jpg,0,1,nan,,nan,,244,0,244,45,ball,Ballon,Ball
5,46,hand,8,8,30,hand\hand_30.jpg,hand,Hand,Main,1,0,0.84,None,None,0.84,5,8,8,hand,nan,,nan,,30,hand\hand_30.jpg,0,1,nan,,nan,,245,0,245,46,hand,Main,Hand
5,47,jacket,10,10,1,jacket\jacket_01.jpg,jacket,Jacke,Veste,1,0,1.13,None,None,1.13,5,10,10,jacket,nan,,nan,,1,jacket\jacket_01.jpg,0,1,nan,,nan,,246,0,246,47,jacket,Veste,Jacke
5,48,hammer,7,7,28,hammer\hammer_28.jpg,hammer,Hammer,Marteau,1,0,0.8,None,None,0.8,5,7,7,hammer,nan,,nan,,28,hammer\hammer_28.jpg,0,1,nan,,nan,,247,0,247,48,hammer,Marteau,Hammer
5,49,dog,5,6,39,dog\dog_39.jpg,flower,Blume,Fleur,1,1,0.95,r,right,0.95,5,5,6,dog,nan,,nan,r,39,dog\dog_39.jpg,1,1,nan,,nan,right,248,0,248,49,flower,Fleur,Blume
5,50,bicycle,2,2,25,bicycle\bicycle_25.jpg,bicycle,Fahrrad,Vélo,1,0,1.08,None,None,1.08,5,2,2,bicycle,0.07348710001679137,r,4.276189900003374,,25,bicycle\bicycle_25.jpg,0,1,nan,,nan,,249,0,249,50,bicycle,Vélo,Fahrrad
6,1,dog,5,5,1,dog\dog_01.jpg,dog,Hund,Chien,1,0,1.24,None,None,1.24,6,5,5,dog,nan,,nan,,1,dog\dog_01.jpg,0,1,0.06331360002513975,r,5.087755299988203,,250,0,250,1,dog,Chien,Hund
6,2,hammer,7,7,32,hammer\hammer_32.jpg,hammer,Hammer,Marteau,1,0,1.09,None,None,1.09,6,7,7,hammer,nan,,nan,,32,hammer\hammer_32.jpg,0,1,nan,,nan,,251,0,251,2,hammer,Marteau,Hammer
6,3,jacket,10,10,3,jacket\jacket_03.jpg,jacket,Jacke,Veste,1,0,0.97,None,None,0.97,6,10,10,jacket,nan,,nan,,3,jacket\jacket_03.jpg,0,1,nan,,nan,,252,0,252,3,jacket,Veste,Jacke
6,4,chair,4,3,21,chair\chair_21.jpg,bread,Brot,Pain,1,1,1.04,r,left,1.04,6,4,3,chair,nan,,nan,r,21,chair\chair_21.jpg,1,1,nan,,nan,left,253,0,253,4,bread,Pain,Brot
6,5,jacket,10,10,27,jacket\jacket_27.jpg,jacket,Jacke,Veste,1,0,0.91,None,None,0.91,6,10,10,jacket,nan,,nan,,27,jacket\jacket_27.jpg,0,1,nan,,nan,,254,0,254,5,jacket,Veste,Jacke
6,6,hammer,7,7,14,hammer\hammer_14.jpg,hammer,Hammer,Marteau,1,0,1.01,None,None,1.01,6,7,7,hammer,nan,,nan,,14,hammer\hammer_14.jpg,0,1,nan,,nan,,255,0,255,6,hammer,Marteau,Hammer
6,7,ball,1,1,30,ball\ball_30.jpg,ball,Ball,Ballon,1,0,0.96,None,None,0.96,6,1,1,ball,nan,,nan,,30,ball\ball_30.jpg,0,1,nan,,nan,,256,0,256,7,ball,Ballon,Ball
6,8,hand,8,8,9,hand\hand_09.jpg,hand,Hand,Main,1,0,0.95,None,None,0.95,6,8,8,hand,nan,,nan,,9,hand\hand_09.jpg,0,1,nan,,nan,,257,0,257,8,hand,Main,Hand
6,9,house,9,9,3,house\house_03.jpg,house,Haus,Maison,1,0,1.02,None,None,1.02,6,9,9,house,nan,,nan,,3,house\house_03.jpg,0,1,nan,,nan,,258,0,258,9,house,Maison,Haus
6,10,jacket,10,10,1,jacket\jacket_01.jpg,jacket,Jacke,Veste,1,0,0.92,None,None,0.92,6,10,10,jacket,nan,,nan,,1,jacket\jacket_01.jpg,0,1,nan,,nan,,259,0,259,10,jacket,Veste,Jacke
6,11,flower,6,6,24,flower\flower_24.jpg,flower,Blume,Fleur,1,0,1.24,None,None,1.24,6,6,6,flower,nan,,nan,,24,flower\flower_24.jpg,0,1,nan,,nan,,260,0,260,11,flower,Fleur,Blume
6,12,house,9,9,46,house\house_46.jpg,house,Haus,Maison,1,0,0.78,None,None,0.78,6,9,9,house,nan,,nan,,46,house\house_46.jpg,0,1,nan,,nan,,261,0,261,12,house,Maison,Haus
6,13,ball,1,1,14,ball\ball_14.jpg,ball,Ball,Ballon,1,0,0.95,None,None,0.95,6,1,1,ball,nan,,nan,,14,ball\ball_14.jpg,0,1,nan,,nan,,262,0,262,13,ball,Ballon,Ball
6,14,bread,3,3,7,bread\bread_07.jpg,bread,Brot,Pain,1,0,0.88,None,None,0.88,6,3,3,bread,nan,,nan,,7,bread\bread_07.jpg,0,1,nan,,nan,,263,0,263,14,bread,Pain,Brot
6,15,hand,8,8,46,hand\hand_46.jpg,hand,Hand,Main,1,0,1.06,None,None,1.06,6,8,8,hand,nan,,nan,,46,hand\hand_46.jpg,0,1,nan,,nan,,264,0,264,15,hand,Main,Hand
6,16,chair,4,4,15,chair\chair_15.jpg,chair,Stuhl,Chaise,1,0,0.94,None,None,0.94,6,4,4,chair,nan,,nan,,15,chair\chair_15.jpg,0,1,nan,,nan,,265,0,265,16,chair,Chaise,Stuhl
6,17,bread,3,5,12,bread\bread_12.jpg,dog,Hund,Chien,1,1,0.82,r,right,0.82,6,3,5,bread,nan,,nan,r,12,bread\bread_12.jpg,1,1,nan,,nan,right,266,0,266,17,dog,Chien,Hund
6,18,flower,6,6,20,flower\flower_20.jpg,flower,Blume,Fleur,1,0,1.06,None,None,1.06,6,6,6,flower,nan,,nan,,20,flower\flower_20.jpg,0,1,nan,,nan,,267,0,267,18,flower,Fleur,Blume
6,19,chair,4,4,25,chair\chair_25.jpg,chair,Stuhl,Chaise,1,0,1.03,None,None,1.03,6,4,4,chair,nan,,nan,,25,chair\chair_25.jpg,0,1,nan,,nan,,268,0,268,19,chair,Chaise,Stuhl
6,20,bicycle,2,2,3,bicycle\bicycle_03.jpg,bicycle,Fahrrad,Vélo,1,0,1.24,None,None,1.24,6,2,2,bicycle,nan,,nan,,3,bicycle\bicycle_03.jpg,0,1,nan,,nan,,269,0,269,20,bicycle,Vélo,Fahrrad
6,21,hammer,7,7,28,hammer\hammer_28.jpg,hammer,Hammer,Marteau,1,0,1.19,None,None,1.19,6,7,7,hammer,nan,,nan,,28,hammer\hammer_28.jpg,0,1,nan,,nan,,270,0,270,21,hammer,Marteau,Hammer
6,22,house,9,9,20,house\house_20.jpg,house,Haus,Maison,1,0,1.14,None,None,1.14,6,9,9,house,nan,,nan,,20,house\house_20.jpg,0,1,nan,,nan,,271,0,271,22,house,Maison,Haus
6,23,dog,5,5,23,dog\dog_23.jpg,dog,Hund,Chien,1,0,0.97,None,None,0.97,6,5,5,dog,nan,,nan,,23,dog\dog_23.jpg,0,1,nan,,nan,,272,0,272,23,dog,Chien,Hund
6,24,bicycle,2,2,25,bicycle\bicycle_25.jpg,bicycle,Fahrrad,Vélo,1,0,0.84,None,None,0.84,6,2,2,bicycle,nan,,nan,,25,bicycle\bicycle_25.jpg,0,1,nan,,nan,,273,0,273,24,bicycle,Vélo,Fahrrad
6,25,ball,1,1,32,ball\ball_32.jpg,ball,Ball,Ballon,1,0,0.76,None,None,0.76,6,1,1,ball,nan,,nan,,32,ball\ball_32.jpg,0,1,nan,,nan,,274,0,274,25,ball,Ballon,Ball
6,26,bread,3,3,16,bread\bread_16.jpg,bread,Brot,Pain,1,0,1.24,None,None,1.24,6,3,3,bread,nan,,nan,,16,bread\bread_16.jpg,0,1,nan,,nan,,275,0,275,26,bread,Pain,Brot
6,27,dog,5,7,32,dog\dog_32.jpg,hammer,Hammer,Marteau,1,1,0.96,r,right,0.96,6,5,7,dog,nan,,nan,r,32,dog\dog_32.jpg,1,1,nan,,nan,right,276,0,276,27,hammer,Marteau,Hammer
6,28,hand,8,8,7,hand\hand_07.jpg,hand,Hand,Main,1,0,1.18,None,None,1.18,6,8,8,hand,nan,,nan,,7,hand\hand_07.jpg,0,1,nan,,nan,,277,0,277,28,hand,Main,Hand
6,29,bicycle,2,2,32,bicycle\bicycle_32.jpg,bicycle,Fahrrad,Vélo,1,0,1.06,None,None,1.06,6,2,2,bicycle,nan,,nan,,32,bicycle\bicycle_32.jpg,0,1,nan,,nan,,278,0,278,29,bicycle,Vélo,Fahrrad
6,30,hammer,7,7,26,hammer\hammer_26.jpg,hammer,Hammer,Marteau,1,0,0.89,None,None,0.89,6,7,7,hammer,nan,,nan,,26,hammer\hammer_26.jpg,0,1,nan,,nan,,279,0,279,30,hammer,Marteau,Hammer
6,31,chair,4,4,14,chair\chair_14.jpg,chair,Stuhl,Chaise,1,0,1.23,None,None,1.23,6,4,4,chair,nan,,nan,,14,chair\chair_14.jpg,0,1,nan,,nan,,280,0,280,31,chair,Chaise,Stuhl
6,32,jacket,10,10,30,jacket\jacket_30.jpg,jacket,Jacke,Veste,1,0,1.19,None,None,1.19,6,10,10,jacket,nan,,nan,,30,jacket\jacket_30.jpg,0,1,nan,,nan,,281,0,281,32,jacket,Veste,Jacke
6,33,house,9,9,16,house\house_16.jpg,house,Haus,Maison,1,0,1.21,None,None,1.21,6,9,9,house,nan,,nan,,16,house\house_16.jpg,0,1,nan,,nan,,282,0,282,33,house,Maison,Haus
6,34,hammer,7,7,36,hammer\hammer_36.jpg,hammer,Hammer,Marteau,1,0,0.9,None,None,0.9,6,7,7,hammer,nan,,nan,,36,hammer\hammer_36.jpg,0,1,nan,,nan,,283,0,283,34,hammer,Marteau,Hammer
6,35,bread,3,3,13,bread\bread_13.jpg,bread,Brot,Pain,1,0,1.23,None,None,1.23,6,3,3,bread,nan,,nan,,13,bread\bread_13.jpg,0,1,nan,,nan,,284,0,284,35,bread,Pain,Brot
6,36,dog,5,5,3,dog\dog_03.jpg,dog,Hund,Chien,1,0,0.76,None,None,0.76,6,5,5,dog,nan,,nan,,3,dog\dog_03.jpg,0,1,nan,,nan,,285,0,285,36,dog,Chien,Hund
6,37,flower,6,9,27,flower\flower_27.jpg,house,Haus,Maison,1,1,0.9,r,left,0.9,6,6,9,flower,nan,,nan,r,27,flower\flower_27.jpg,1,1,nan,,nan,left,286,0,286,37,house,Maison,Haus
6,38,dog,5,5,11,dog\dog_11.jpg,dog,Hund,Chien,1,0,0.87,None,None,0.87,6,5,5,dog,nan,,nan,,11,dog\dog_11.jpg,0,1,nan,,nan,,287,0,287,38,dog,Chien,Hund
6,39,ball,1,1,25,ball\ball_25.jpg,ball,Ball,Ballon,1,0,0.89,None,None,0.89,6,1,1,ball,nan,,nan,,25,ball\ball_25.jpg,0,1,nan,,nan,,288,0,288,39,ball,Ballon,Ball
6,40,house,9,9,12,house\house_12.jpg,house,Haus,Maison,1,0,0.88,None,None,0.88,6,9,9,house,nan,,nan,,12,house\house_12.jpg,0,1,nan,,nan,,289,0,289,40,house,Maison,Haus
6,41,hand,8,8,30,hand\hand_30.jpg,hand,Hand,Main,1,0,1.16,None,None,1.16,6,8,8,hand,nan,,nan,,30,hand\hand_30.jpg,0,1,nan,,nan,,290,0,290,41,hand,Main,Hand
6,42,bicycle,2,10,16,bicycle\bicycle_16.jpg,jacket,Jacke,Veste,1,1,1.01,r,right,1.01,6,2,10,bicycle,nan,,nan,r,16,bicycle\bicycle_16.jpg,1,1,nan,,nan,right,291,0,291,42,jacket,Veste,Jacke
6,43,flower,6,6,23,flower\flower_23.jpg,flower,Blume,Fleur,1,0,1.04,None,None,1.04,6,6,6,flower,nan,,nan,,23,flower\flower_23.jpg,0,1,nan,,nan,,292,0,292,43,flower,Fleur,Blume
6,44,ball,1,1,28,ball\ball_28.jpg,ball,Ball,Ballon,1,0,0.97,None,None,0.97,6,1,1,ball,nan,,nan,,28,ball\ball_28.jpg,0,1,nan,,nan,,293,0,293,44,ball,Ballon,Ball
6,45,jacket,10,10,32,jacket\jacket_32.jpg,jacket,Jacke,Veste,1,0,0.83,None,None,0.83,6,10,10,jacket,nan,,nan,,32,jacket\jacket_32.jpg,0,1,nan,,nan,,294,0,294,45,jacket,Veste,Jacke
6,46,flower,6,6,6,flower\flower_06.jpg,flower,Blume,Fleur,1,0,0.79,None,None,0.79,6,6,6,flower,nan,,nan,,6,flower\flower_06.jpg,0,1,nan,,nan,,295,0,295,46,flower,Fleur,Blume
6,47,bread,3,3,8,bread\bread_08.jpg,bread,Brot,Pain,1,0,0.9,None,None,0.9,6,3,3,bread,nan,,nan,,8,bread\bread_08.jpg,0,1,nan,,nan,,296,0,296,47,bread,Pain,Brot
6,48,chair,4,4,17,chair\chair_17.jpg,chair,Stuhl,Chaise,1,0,1.03,None,None,1.03,6,4,4,chair,nan,,nan,,17,chair\chair_17.jpg,0,1,nan,,nan,,297,0,297,48,chair,Chaise,Stuhl
6,49,hand,8,8,36,hand\hand_36.jpg,hand,Hand,Main,1,0,1.19,None,None,1.19,6,8,8,hand,nan,,nan,,36,hand\hand_36.jpg,0,1,nan,,nan,,298,0,298,49,hand,Main,Hand
6,50,bicycle,2,2,14,bicycle\bicycle_14.jpg,bicycle,Fahrrad,Vélo,1,0,1.19,None,None,1.19,6,2,2,bicycle,0.08146700001088902,g,72.48959860001924,,14,bicycle\bicycle_14.jpg,0,1,nan,,nan,,299,0,299,50,bicycle,Vélo,Fahrrad
7,1,house,9,9,3,house\house_03.jpg,house,Haus,Maison,1,0,1.21,None,None,1.21,7,9,9,house,nan,,nan,,3,house\house_03.jpg,0,1,nan,,nan,,300,0,300,1,house,Maison,Haus
7,2,bicycle,2,2,25,bicycle\bicycle_25.jpg,bicycle,Fahrrad,Vélo,1,0,1.05,None,None,1.05,7,2,2,bicycle,nan,,nan,,25,bicycle\bicycle_25.jpg,0,1,nan,,nan,,301,0,301,2,bicycle,Vélo,Fahrrad
7,3,flower,6,6,4,flower\flower_04.jpg,flower,Blume,Fleur,1,0,1.02,None,None,1.02,7,6,6,flower,nan,,nan,,4,flower\flower_04.jpg,0,1,nan,,nan,,302,0,302,3,flower,Fleur,Blume
7,4,ball,1,1,32,ball\ball_32.jpg,ball,Ball,Ballon,1,0,1.15,None,None,1.15,7,1,1,ball,nan,,nan,,32,ball\ball_32.jpg,0,1,nan,,nan,,303,0,303,4,ball,Ballon,Ball
7,5,hammer,7,7,36,hammer\hammer_36.jpg,hammer,Hammer,Marteau,1,0,1.22,None,None,1.22,7,7,7,hammer,nan,,nan,,36,hammer\hammer_36.jpg,0,1,nan,,nan,,304,0,304,5,hammer,Marteau,Hammer
7,6,flower,6,2,24,flower\flower_24.jpg,bicycle,Fahrrad,Vélo,1,1,0.84,r,right,0.84,7,6,2,flower,nan,,nan,r,24,flower\flower_24.jpg,1,1,nan,,nan,right,305,0,305,6,bicycle,Vélo,Fahrrad
7,7,hand,8,8,30,hand\hand_30.jpg,hand,Hand,Main,1,0,0.91,None,None,0.91,7,8,8,hand,nan,,nan,,30,hand\hand_30.jpg,0,1,nan,,nan,,306,0,306,7,hand,Main,Hand
7,8,dog,5,5,23,dog\dog_23.jpg,dog,Hund,Chien,1,0,0.79,None,None,0.79,7,5,5,dog,nan,,nan,,23,dog\dog_23.jpg,0,1,nan,,nan,,307,0,307,8,dog,Chien,Hund
7,9,ball,1,1,13,ball\ball_13.jpg,ball,Ball,Ballon,1,0,0.94,None,None,0.94,7,1,1,ball,nan,,nan,,13,ball\ball_13.jpg,0,1,nan,,nan,,308,0,308,9,ball,Ballon,Ball
7,10,chair,4,4,6,chair\chair_06.jpg,chair,Stuhl,Chaise,1,0,0.82,None,None,0.82,7,4,4,chair,nan,,nan,,6,chair\chair_06.jpg,0,1,nan,,nan,,309,0,309,10,chair,Chaise,Stuhl
7,11,hand,8,8,38,hand\hand_38.jpg,hand,Hand,Main,1,0,0.9,None,None,0.9,7,8,8,hand,nan,,nan,,38,hand\hand_38.jpg,0,1,nan,,nan,,310,0,310,11,hand,Main,Hand
7,12,bread,3,3,13,bread\bread_13.jpg,bread,Brot,Pain,1,0,0.95,None,None,0.95,7,3,3,bread,nan,,nan,,13,bread\bread_13.jpg,0,1,nan,,nan,,311,0,311,12,bread,Pain,Brot
7,13,house,9,9,40,house\house_40.jpg,house,Haus,Maison,1,0,1.16,None,None,1.16,7,9,9,house,nan,,nan,,40,house\house_40.jpg,0,1,nan,,nan,,312,0,312,13,house,Maison,Haus
7,14,hammer,7,7,28,hammer\hammer_28.jpg,hammer,Hammer,Marteau,1,0,0.82,None,None,0.82,7,7,7,hammer,nan,,nan,,28,hammer\hammer_28.jpg,0,1,nan,,nan,,313,0,313,14,hammer,Marteau,Hammer
7,15,dog,5,10,11,dog\dog_11.jpg,jacket,Jacke,Veste,1,1,1.11,r,left,1.11,7,5,10,dog,nan,,nan,r,11,dog\dog_11.jpg,1,1,nan,,nan,left,314,0,314,15,jacket,Veste,Jacke
7,16,bicycle,2,2,14,bicycle\bicycle_14.jpg,bicycle,Fahrrad,Vélo,1,0,1.08,None,None,1.08,7,2,2,bicycle,nan,,nan,,14,bicycle\bicycle_14.jpg,0,1,nan,,nan,,315,0,315,16,bicycle,Vélo,Fahrrad
7,17,flower,6,6,23,flower\flower_23.jpg,flower,Blume,Fleur,1,0,0.95,None,None,0.95,7,6,6,flower,nan,,nan,,23,flower\flower_23.jpg,0,1,nan,,nan,,316,0,316,17,flower,Fleur,Blume
7,18,chair,4,4,17,chair\chair_17.jpg,chair,Stuhl,Chaise,1,0,0.8,None,None,0.8,7,4,4,chair,nan,,nan,,17,chair\chair_17.jpg,0,1,nan,,nan,,317,0,317,18,chair,Chaise,Stuhl
7,19,house,9,9,12,house\house_12.jpg,house,Haus,Maison,1,0,0.96,None,None,0.96,7,9,9,house,nan,,nan,,12,house\house_12.jpg,0,1,nan,,nan,,318,0,318,19,house,Maison,Haus
7,20,jacket,10,10,3,jacket\jacket_03.jpg,jacket,Jacke,Veste,1,0,0.85,None,None,0.85,7,10,10,jacket,nan,,nan,,3,jacket\jacket_03.jpg,0,1,nan,,nan,,319,0,319,20,jacket,Veste,Jacke
7,21,hand,8,8,46,hand\hand_46.jpg,hand,Hand,Main,1,0,0.93,None,None,0.93,7,8,8,hand,nan,,nan,,46,hand\hand_46.jpg,0,1,nan,,nan,,320,0,320,21,hand,Main,Hand
7,22,chair,4,1,14,chair\chair_14.jpg,ball,Ball,Ballon,1,1,1.15,r,right,1.15,7,4,1,chair,nan,,nan,r,14,chair\chair_14.jpg,1,1,nan,,nan,right,321,0,321,22,ball,Ballon,Ball
7,23,bread,3,3,16,bread\bread_16.jpg,bread,Brot,Pain,1,0,0.83,None,None,0.83,7,3,3,bread,nan,,nan,,16,bread\bread_16.jpg,0,1,nan,,nan,,322,0,322,23,bread,Pain,Brot
7,24,ball,1,1,14,ball\ball_14.jpg,ball,Ball,Ballon,1,0,0.94,None,None,0.94,7,1,1,ball,nan,,nan,,14,ball\ball_14.jpg,0,1,nan,,nan,,323,0,323,24,ball,Ballon,Ball
7,25,jacket,10,10,1,jacket\jacket_01.jpg,jacket,Jacke,Veste,1,0,1.03,None,None,1.03,7,10,10,jacket,nan,,nan,,1,jacket\jacket_01.jpg,0,1,nan,,nan,,324,0,324,25,jacket,Veste,Jacke
7,26,hammer,7,7,7,hammer\hammer_07.jpg,hammer,Hammer,Marteau,1,0,1.1,None,None,1.1,7,7,7,hammer,nan,,nan,,7,hammer\hammer_07.jpg,0,1,nan,,nan,,325,0,325,26,hammer,Marteau,Hammer
7,27,hand,8,8,9,hand\hand_09.jpg,hand,Hand,Main,1,0,1.1,None,None,1.1,7,8,8,hand,nan,,nan,,9,hand\hand_09.jpg,0,1,nan,,nan,,326,0,326,27,hand,Main,Hand
7,28,flower,6,6,6,flower\flower_06.jpg,flower,Blume,Fleur,1,0,1.13,None,None,1.13,7,6,6,flower,nan,,nan,,6,flower\flower_06.jpg,0,1,nan,,nan,,327,0,327,28,flower,Fleur,Blume
7,29,jacket,10,10,38,jacket\jacket_38.jpg,jacket,Jacke,Veste,1,0,0.89,None,None,0.89,7,10,10,jacket,nan,,nan,,38,jacket\jacket_38.jpg,0,1,nan,,nan,,328,0,328,29,jacket,Veste,Jacke
7,30,hand,8,8,7,hand\hand_07.jpg,hand,Hand,Main,1,0,0.88,None,None,0.88,7,8,8,hand,nan,,nan,,7,hand\hand_07.jpg,0,1,nan,,nan,,329,0,329,30,hand,Main,Hand
7,31,bread,3,3,21,bread\bread_21.jpg,bread,Brot,Pain,1,0,0.86,None,None,0.86,7,3,3,bread,nan,,nan,,21,bread\bread_21.jpg,0,1,nan,,nan,,330,0,330,31,bread,Pain,Brot
7,32,flower,6,6,20,flower\flower_20.jpg,flower,Blume,Fleur,1,0,1.24,None,None,1.24,7,6,6,flower,nan,,nan,,20,flower\flower_20.jpg,0,1,nan,,nan,,331,0,331,32,flower,Fleur,Blume
7,33,dog,5,5,3,dog\dog_03.jpg,dog,Hund,Chien,1,0,0.9,None,None,0.9,7,5,5,dog,nan,,nan,,3,dog\dog_03.jpg,0,1,nan,,nan,,332,0,332,33,dog,Chien,Hund
7,34,house,9,9,16,house\house_16.jpg,house,Haus,Maison,1,0,1.18,None,None,1.18,7,9,9,house,nan,,nan,,16,house\house_16.jpg,0,1,nan,,nan,,333,0,333,34,house,Maison,Haus
7,35,bicycle,2,2,32,bicycle\bicycle_32.jpg,bicycle,Fahrrad,Vélo,1,0,0.98,None,None,0.98,7,2,2,bicycle,nan,,nan,,32,bicycle\bicycle_32.jpg,0,1,nan,,nan,,334,0,334,35,bicycle,Vélo,Fahrrad
7,36,chair,4,4,25,chair\chair_25.jpg,chair,Stuhl,Chaise,1,0,1.02,None,None,1.02,7,4,4,chair,nan,,nan,,25,chair\chair_25.jpg,0,1,nan,,nan,,335,0,335,36,chair,Chaise,Stuhl
7,37,bicycle,2,2,13,bicycle\bicycle_13.jpg,bicycle,Fahrrad,Vélo,1,0,0.9,None,None,0.9,7,2,2,bicycle,nan,,nan,,13,bicycle\bicycle_13.jpg,0,1,nan,,nan,,336,0,336,37,bicycle,Vélo,Fahrrad
7,38,hammer,7,4,26,hammer\hammer_26.jpg,chair,Stuhl,Chaise,1,1,1.05,r,right,1.05,7,7,4,hammer,nan,,nan,r,26,hammer\hammer_26.jpg,1,1,nan,,nan,right,337,0,337,38,chair,Chaise,Stuhl
7,39,jacket,10,10,32,jacket\jacket_32.jpg,jacket,Jacke,Veste,1,0,0.92,None,None,0.92,7,10,10,jacket,nan,,nan,,32,jacket\jacket_32.jpg,0,1,nan,,nan,,338,0,338,39,jacket,Veste,Jacke
7,40,dog,5,5,1,dog\dog_01.jpg,dog,Hund,Chien,1,0,0.77,None,None,0.77,7,5,5,dog,nan,,nan,,1,dog\dog_01.jpg,0,1,nan,,nan,,339,0,339,40,dog,Chien,Hund
7,41,ball,1,1,30,ball\ball_30.jpg,ball,Ball,Ballon,1,0,1.06,None,None,1.06,7,1,1,ball,nan,,nan,,30,ball\ball_30.jpg,0,1,nan,,nan,,340,0,340,41,ball,Ballon,Ball
7,42,house,9,9,46,house\house_46.jpg,house,Haus,Maison,1,0,1.25,None,None,1.25,7,9,9,house,nan,,nan,,46,house\house_46.jpg,0,1,nan,,nan,,341,0,341,42,house,Maison,Haus
7,43,ball,1,1,25,ball\ball_25.jpg,ball,Ball,Ballon,1,0,0.93,None,None,0.93,7,1,1,ball,nan,,nan,,25,ball\ball_25.jpg,0,1,nan,,nan,,342,0,342,43,ball,Ballon,Ball
7,44,chair,4,4,15,chair\chair_15.jpg,chair,Stuhl,Chaise,1,0,0.84,None,None,0.84,7,4,4,chair,nan,,nan,,15,chair\chair_15.jpg,0,1,nan,,nan,,343,0,343,44,chair,Chaise,Stuhl
7,45,bread,3,2,8,bread\bread_08.jpg,bicycle,Fahrrad,Vélo,1,1,0.95,r,right,0.95,7,3,2,bread,nan,,nan,r,8,bread\bread_08.jpg,1,1,nan,,nan,right,344,0,344,45,bicycle,Vélo,Fahrrad
7,46,dog,5,5,5,dog\dog_05.jpg,dog,Hund,Chien,1,0,0.81,None,None,0.81,7,5,5,dog,nan,,nan,,5,dog\dog_05.jpg,0,1,nan,,nan,,345,0,345,46,dog,Chien,Hund
7,47,jacket,10,10,30,jacket\jacket_30.jpg,jacket,Jacke,Veste,1,0,0.88,None,None,0.88,7,10,10,jacket,nan,,nan,,30,jacket\jacket_30.jpg,0,1,nan,,nan,,346,0,346,47,jacket,Veste,Jacke
7,48,bicycle,2,2,3,bicycle\bicycle_03.jpg,bicycle,Fahrrad,Vélo,1,0,1.16,None,None,1.16,7,2,2,bicycle,nan,,nan,,3,bicycle\bicycle_03.jpg,0,1,nan,,nan,,347,0,347,48,bicycle,Vélo,Fahrrad
7,49,bread,3,3,7,bread\bread_07.jpg,bread,Brot,Pain,1,0,0.98,None,None,0.98,7,3,3,bread,nan,,nan,,7,bread\bread_07.jpg,0,1,nan,,nan,,348,0,348,49,bread,Pain,Brot
7,50,hammer,7,7,32,hammer\hammer_32.jpg,hammer,Hammer,Marteau,1,0,0.9,None,None,0.9,7,7,7,hammer,0.15974450000794604,r,11.729555999976583,,32,hammer\hammer_32.jpg,0,1,nan,,nan,,349,0,349,50,hammer,Marteau,Hammer
8,1,hand,8,8,9,hand\hand_09.jpg,hand,Hand,Main,1,0,1.19,None,None,1.19,8,8,8,hand,nan,,nan,,9,hand\hand_09.jpg,0,1,nan,,nan,,350,0,350,1,hand,Main,Hand
8,2,bread,3,3,19,bread\bread_19.jpg,bread,Brot,Pain,1,0,0.9,None,None,0.9,8,3,3,bread,nan,,nan,,19,bread\bread_19.jpg,0,1,nan,,nan,,351,0,351,2,bread,Pain,Brot
8,3,bicycle,2,2,45,bicycle\bicycle_45.jpg,bicycle,Fahrrad,Vélo,1,0,1.2,None,None,1.2,8,2,2,bicycle,nan,,nan,,45,bicycle\bicycle_45.jpg,0,1,nan,,nan,,352,0,352,3,bicycle,Vélo,Fahrrad
8,4,flower,6,6,4,flower\flower_04.jpg,flower,Blume,Fleur,1,0,0.88,None,None,0.88,8,6,6,flower,nan,,nan,,4,flower\flower_04.jpg,0,1,nan,,nan,,353,0,353,4,flower,Fleur,Blume
8,5,bicycle,2,2,13,bicycle\bicycle_13.jpg,bicycle,Fahrrad,Vélo,1,0,0.84,None,None,0.84,8,2,2,bicycle,nan,,nan,,13,bicycle\bicycle_13.jpg,0,1,nan,,nan,,354,0,354,5,bicycle,Vélo,Fahrrad
8,6,house,9,9,16,house\house_16.jpg,house,Haus,Maison,1,0,0.98,None,None,0.98,8,9,9,house,nan,,nan,,16,house\house_16.jpg,0,1,nan,,nan,,355,0,355,6,house,Maison,Haus
8,7,dog,5,5,6,dog\dog_06.jpg,dog,Hund,Chien,1,0,0.92,None,None,0.92,8,5,5,dog,nan,,nan,,6,dog\dog_06.jpg,0,1,nan,,nan,,356,0,356,7,dog,Chien,Hund
8,8,jacket,10,10,32,jacket\jacket_32.jpg,jacket,Jacke,Veste,1,0,0.94,None,None,0.94,8,10,10,jacket,nan,,nan,,32,jacket\jacket_32.jpg,0,1,nan,,nan,,357,0,357,8,jacket,Veste,Jacke
8,9,bicycle,2,2,3,bicycle\bicycle_03.jpg,bicycle,Fahrrad,Vélo,1,0,1.14,None,None,1.14,8,2,2,bicycle,nan,,nan,,3,bicycle\bicycle_03.jpg,0,1,nan,,nan,,358,0,358,9,bicycle,Vélo,Fahrrad
8,10,flower,6,8,20,flower\flower_20.jpg,hand,Hand,Main,1,1,1.24,r,left,1.24,8,6,8,flower,nan,,nan,r,20,flower\flower_20.jpg,1,1,nan,,nan,left,359,0,359,10,hand,Main,Hand
8,11,house,9,9,3,house\house_03.jpg,house,Haus,Maison,1,0,0.93,None,None,0.93,8,9,9,house,nan,,nan,,3,house\house_03.jpg,0,1,nan,,nan,,360,0,360,11,house,Maison,Haus
8,12,ball,1,1,30,ball\ball_30.jpg,ball,Ball,Ballon,1,0,1.1,None,None,1.1,8,1,1,ball,nan,,nan,,30,ball\ball_30.jpg,0,1,nan,,nan,,361,0,361,12,ball,Ballon,Ball
8,13,hammer,7,7,34,hammer\hammer_34.jpg,hammer,Hammer,Marteau,1,0,0.9,None,None,0.9,8,7,7,hammer,nan,,nan,,34,hammer\hammer_34.jpg,0,1,nan,,nan,,362,0,362,13,hammer,Marteau,Hammer
8,14,dog,5,4,3,dog\dog_03.jpg,chair,Stuhl,Chaise,1,1,1.1,r,right,1.1,8,5,4,dog,nan,,nan,r,3,dog\dog_03.jpg,1,1,nan,,nan,right,363,0,363,14,chair,Chaise,Stuhl
8,15,hand,8,8,30,hand\hand_30.jpg,hand,Hand,Main,1,0,0.91,None,None,0.91,8,8,8,hand,nan,,nan,,30,hand\hand_30.jpg,0,1,nan,,nan,,364,0,364,15,hand,Main,Hand
8,16,flower,6,6,6,flower\flower_06.jpg,flower,Blume,Fleur,1,0,0.81,None,None,0.81,8,6,6,flower,nan,,nan,,6,flower\flower_06.jpg,0,1,nan,,nan,,365,0,365,16,flower,Fleur,Blume
8,17,hand,8,8,18,hand\hand_18.jpg,hand,Hand,Main,1,0,0.89,None,None,0.89,8,8,8,hand,nan,,nan,,18,hand\hand_18.jpg,0,1,nan,,nan,,366,0,366,17,hand,Main,Hand
8,18,jacket,10,10,38,jacket\jacket_38.jpg,jacket,Jacke,Veste,1,0,0.83,None,None,0.83,8,10,10,jacket,nan,,nan,,38,jacket\jacket_38.jpg,0,1,nan,,nan,,367,0,367,18,jacket,Veste,Jacke
8,19,chair,4,4,6,chair\chair_06.jpg,chair,Stuhl,Chaise,1,0,0.77,None,None,0.77,8,4,4,chair,nan,,nan,,6,chair\chair_06.jpg,0,1,nan,,nan,,368,0,368,19,chair,Chaise,Stuhl
8,20,hammer,7,7,7,hammer\hammer_07.jpg,hammer,Hammer,Marteau,1,0,1.22,None,None,1.22,8,7,7,hammer,nan,,nan,,7,hammer\hammer_07.jpg,0,1,nan,,nan,,369,0,369,20,hammer,Marteau,Hammer
8,21,hand,8,5,7,hand\hand_07.jpg,dog,Hund,Chien,1,1,0.9,r,right,0.9,8,8,5,hand,nan,,nan,r,7,hand\hand_07.jpg,1,1,nan,,nan,right,370,0,370,21,dog,Chien,Hund
8,22,hammer,7,7,32,hammer\hammer_32.jpg,hammer,Hammer,Marteau,1,0,1.05,None,None,1.05,8,7,7,hammer,nan,,nan,,32,hammer\hammer_32.jpg,0,1,nan,,nan,,371,0,371,22,hammer,Marteau,Hammer
8,23,ball,1,1,13,ball\ball_13.jpg,ball,Ball,Ballon,1,0,0.86,None,None,0.86,8,1,1,ball,nan,,nan,,13,ball\ball_13.jpg,0,1,nan,,nan,,372,0,372,23,ball,Ballon,Ball
8,24,dog,5,5,23,dog\dog_23.jpg,dog,Hund,Chien,1,0,1.25,None,None,1.25,8,5,5,dog,nan,,nan,,23,dog\dog_23.jpg,0,1,nan,,nan,,373,0,373,24,dog,Chien,Hund
8,25,chair,4,4,25,chair\chair_25.jpg,chair,Stuhl,Chaise,1,0,1.01,None,None,1.01,8,4,4,chair,nan,,nan,,25,chair\chair_25.jpg,0,1,nan,,nan,,374,0,374,25,chair,Chaise,Stuhl
8,26,bread,3,3,7,bread\bread_07.jpg,bread,Brot,Pain,1,0,0.96,None,None,0.96,8,3,3,bread,nan,,nan,,7,bread\bread_07.jpg,0,1,nan,,nan,,375,0,375,26,bread,Pain,Brot
8,27,flower,6,6,23,flower\flower_23.jpg,flower,Blume,Fleur,1,0,0.91,None,None,0.91,8,6,6,flower,nan,,nan,,23,flower\flower_23.jpg,0,1,nan,,nan,,376,0,376,27,flower,Fleur,Blume
8,28,bicycle,2,2,14,bicycle\bicycle_14.jpg,bicycle,Fahrrad,Vélo,1,0,1.25,None,None,1.25,8,2,2,bicycle,nan,,nan,,14,bicycle\bicycle_14.jpg,0,1,nan,,nan,,377,0,377,28,bicycle,Vélo,Fahrrad
8,29,jacket,10,10,30,jacket\jacket_30.jpg,jacket,Jacke,Veste,1,0,1.16,None,None,1.16,8,10,10,jacket,nan,,nan,,30,jacket\jacket_30.jpg,0,1,nan,,nan,,378,0,378,29,jacket,Veste,Jacke
8,30,bread,3,3,21,bread\bread_21.jpg,bread,Brot,Pain,1,0,0.85,None,None,0.85,8,3,3,bread,nan,,nan,,21,bread\bread_21.jpg,0,1,nan,,nan,,379,0,379,30,bread,Pain,Brot
8,31,bicycle,2,2,32,bicycle\bicycle_32.jpg,bicycle,Fahrrad,Vélo,1,0,1.19,None,None,1.19,8,2,2,bicycle,nan,,nan,,32,bicycle\bicycle_32.jpg,0,1,nan,,nan,,380,0,380,31,bicycle,Vélo,Fahrrad
8,32,ball,1,1,7,ball\ball_07.jpg,ball,Ball,Ballon,1,0,0.88,None,None,0.88,8,1,1,ball,nan,,nan,,7,ball\ball_07.jpg,0,1,nan,,nan,,381,0,381,32,ball,Ballon,Ball
8,33,chair,4,4,17,chair\chair_17.jpg,chair,Stuhl,Chaise,1,0,0.98,None,None,0.98,8,4,4,chair,nan,,nan,,17,chair\chair_17.jpg,0,1,nan,,nan,,382,0,382,33,chair,Chaise,Stuhl
8,34,house,9,9,40,house\house_40.jpg,house,Haus,Maison,1,0,1.08,None,None,1.08,8,9,9,house,nan,,nan,,40,house\house_40.jpg,0,1,nan,,nan,,383,0,383,34,house,Maison,Haus
8,35,hammer,7,1,36,hammer\hammer_36.jpg,ball,Ball,Ballon,1,1,0.93,r,right,0.93,8,7,1,hammer,nan,,nan,r,36,hammer\hammer_36.jpg,1,1,nan,,nan,right,384,0,384,35,ball,Ballon,Ball
8,36,hand,8,8,38,hand\hand_38.jpg,hand,Hand,Main,1,0,1.14,None,None,1.14,8,8,8,hand,nan,,nan,,38,hand\hand_38.jpg,0,1,nan,,nan,,385,0,385,36,hand,Main,Hand
8,37,bread,3,3,13,bread\bread_13.jpg,bread,Brot,Pain,1,0,0.85,None,None,0.85,8,3,3,bread,nan,,nan,,13,bread\bread_13.jpg,0,1,nan,,nan,,386,0,386,37,bread,Pain,Brot
8,38,jacket,10,10,44,jacket\jacket_44.jpg,jacket,Jacke,Veste,1,0,1.19,None,None,1.19,8,10,10,jacket,nan,,nan,,44,jacket\jacket_44.jpg,0,1,nan,,nan,,387,0,387,38,jacket,Veste,Jacke
8,39,dog,5,5,1,dog\dog_01.jpg,dog,Hund,Chien,1,0,1.11,None,None,1.11,8,5,5,dog,nan,,nan,,1,dog\dog_01.jpg,0,1,nan,,nan,,388,0,388,39,dog,Chien,Hund
8,40,ball,1,1,25,ball\ball_25.jpg,ball,Ball,Ballon,1,0,0.85,None,None,0.85,8,1,1,ball,nan,,nan,,25,ball\ball_25.jpg,0,1,nan,,nan,,389,0,389,40,ball,Ballon,Ball
8,41,chair,4,9,15,chair\chair_15.jpg,house,Haus,Maison,1,1,0.86,r,left,0.86,8,4,9,chair,nan,,nan,r,15,chair\chair_15.jpg,1,1,nan,,nan,left,390,0,390,41,house,Maison,Haus
8,42,ball,1,1,32,ball\ball_32.jpg,ball,Ball,Ballon,1,0,1.14,None,None,1.14,8,1,1,ball,nan,,nan,,32,ball\ball_32.jpg,0,1,nan,,nan,,391,0,391,42,ball,Ballon,Ball
8,43,flower,6,6,47,flower\flower_47.jpg,flower,Blume,Fleur,1,0,1.11,None,None,1.11,8,6,6,flower,nan,,nan,,47,flower\flower_47.jpg,0,1,nan,,nan,,392,0,392,43,flower,Fleur,Blume
8,44,hammer,7,7,28,hammer\hammer_28.jpg,hammer,Hammer,Marteau,1,0,1.1,None,None,1.1,8,7,7,hammer,nan,,nan,,28,hammer\hammer_28.jpg,0,1,nan,,nan,,393,0,393,44,hammer,Marteau,Hammer
8,45,house,9,9,46,house\house_46.jpg,house,Haus,Maison,1,0,0.97,None,None,0.97,8,9,9,house,nan,,nan,,46,house\house_46.jpg,0,1,nan,,nan,,394,0,394,45,house,Maison,Haus
8,46,dog,5,5,5,dog\dog_05.jpg,dog,Hund,Chien,1,0,1.24,None,None,1.24,8,5,5,dog,nan,,nan,,5,dog\dog_05.jpg,0,1,nan,,nan,,395,0,395,46,dog,Chien,Hund
8,47,jacket,10,10,1,jacket\jacket_01.jpg,jacket,Jacke,Veste,1,0,0.85,None,None,0.85,8,10,10,jacket,nan,,nan,,1,jacket\jacket_01.jpg,0,1,nan,,nan,,396,0,396,47,jacket,Veste,Jacke
8,48,chair,4,4,27,chair\chair_27.jpg,chair,Stuhl,Chaise,1,0,0.94,None,None,0.94,8,4,4,chair,nan,,nan,,27,chair\chair_27.jpg,0,1,nan,,nan,,397,0,397,48,chair,Chaise,Stuhl
8,49,house,9,9,34,house\house_34.jpg,house,Haus,Maison,1,0,1.06,None,None,1.06,8,9,9,house,nan,,nan,,34,house\house_34.jpg,0,1,nan,,nan,,398,0,398,49,house,Maison,Haus
8,50,bread,3,3,16,bread\bread_16.jpg,bread,Brot,Pain,1,0,0.87,None,None,0.87,8,3,3,bread,0.11152330000186339,y,192.9060553999734,,16,bread\bread_16.jpg,0,1,nan,,nan,,399,0,399,50,bread,Pain,Brot
9,1,jacket,10,10,30,jacket\jacket_30.jpg,jacket,Jacke,Veste,1,0,0.86,None,None,0.86,9,10,10,jacket,nan,,nan,,30,jacket\jacket_30.jpg,0,1,nan,,nan,,400,0,400,1,jacket,Veste,Jacke
9,2,dog,5,5,23,dog\dog_23.jpg,dog,Hund,Chien,1,0,1.2,None,None,1.2,9,5,5,dog,nan,,nan,,23,dog\dog_23.jpg,0,1,nan,,nan,,401,0,401,2,dog,Chien,Hund
9,3,bread,3,3,7,bread\bread_07.jpg,bread,Brot,Pain,1,0,1.16,None,None,1.16,9,3,3,bread,nan,,nan,,7,bread\bread_07.jpg,0,1,nan,,nan,,402,0,402,3,bread,Pain,Brot
9,4,ball,1,1,25,ball\ball_25.jpg,ball,Ball,Ballon,1,0,1.08,None,None,1.08,9,1,1,ball,nan,,nan,,25,ball\ball_25.jpg,0,1,nan,,nan,,403,0,403,4,ball,Ballon,Ball
9,5,flower,6,6,47,flower\flower_47.jpg,flower,Blume,Fleur,1,0,0.98,None,None,0.98,9,6,6,flower,nan,,nan,,47,flower\flower_47.jpg,0,1,nan,,nan,,404,0,404,5,flower,Fleur,Blume
9,6,jacket,10,10,44,jacket\jacket_44.jpg,jacket,Jacke,Veste,1,0,1.06,None,None,1.06,9,10,10,jacket,nan,,nan,,44,jacket\jacket_44.jpg,0,1,nan,,nan,,405,0,405,6,jacket,Veste,Jacke
9,7,hammer,7,7,27,hammer\hammer_27.jpg,hammer,Hammer,Marteau,1,0,0.9,None,None,0.9,9,7,7,hammer,nan,,nan,,27,hammer\hammer_27.jpg,0,1,nan,,nan,,406,0,406,7,hammer,Marteau,Hammer
9,8,house,9,9,46,house\house_46.jpg,house,Haus,Maison,1,0,1.05,None,None,1.05,9,9,9,house,nan,,nan,,46,house\house_46.jpg,0,1,nan,,nan,,407,0,407,8,house,Maison,Haus
9,9,flower,6,3,6,flower\flower_06.jpg,bread,Brot,Pain,1,1,1.1,r,right,1.1,9,6,3,flower,nan,,nan,r,6,flower\flower_06.jpg,1,1,nan,,nan,right,408,0,408,9,bread,Pain,Brot
9,10,ball,1,1,13,ball\ball_13.jpg,ball,Ball,Ballon,1,0,0.79,None,None,0.79,9,1,1,ball,nan,,nan,,13,ball\ball_13.jpg,0,1,nan,,nan,,409,0,409,10,ball,Ballon,Ball
9,11,dog,5,5,5,dog\dog_05.jpg,dog,Hund,Chien,1,0,0.77,None,None,0.77,9,5,5,dog,nan,,nan,,5,dog\dog_05.jpg,0,1,nan,,nan,,410,0,410,11,dog,Chien,Hund
9,12,house,9,9,17,house\house_17.jpg,house,Haus,Maison,1,0,1.15,None,None,1.15,9,9,9,house,nan,,nan,,17,house\house_17.jpg,0,1,nan,,nan,,411,0,411,12,house,Maison,Haus
9,13,hand,8,10,30,hand\hand_30.jpg,jacket,Jacke,Veste,1,1,1.15,r,left,1.15,9,8,10,hand,nan,,nan,r,30,hand\hand_30.jpg,1,1,nan,,nan,left,412,0,412,13,jacket,Veste,Jacke
9,14,bread,3,3,16,bread\bread_16.jpg,bread,Brot,Pain,1,0,1.24,None,None,1.24,9,3,3,bread,nan,,nan,,16,bread\bread_16.jpg,0,1,nan,,nan,,413,0,413,14,bread,Pain,Brot
9,15,bicycle,2,2,45,bicycle\bicycle_45.jpg,bicycle,Fahrrad,Vélo,1,0,0.77,None,None,0.77,9,2,2,bicycle,nan,,nan,,45,bicycle\bicycle_45.jpg,0,1,nan,,nan,,414,0,414,15,bicycle,Vélo,Fahrrad
9,16,flower,6,6,14,flower\flower_14.jpg,flower,Blume,Fleur,1,0,0.8,None,None,0.8,9,6,6,flower,nan,,nan,,14,flower\flower_14.jpg,0,1,nan,,nan,,415,0,415,16,flower,Fleur,Blume
9,17,hammer,7,7,32,hammer\hammer_32.jpg,hammer,Hammer,Marteau,1,0,1.03,None,None,1.03,9,7,7,hammer,nan,,nan,,32,hammer\hammer_32.jpg,0,1,nan,,nan,,416,0,416,17,hammer,Marteau,Hammer
9,18,chair,4,4,46,chair\chair_46.jpg,chair,Stuhl,Chaise,1,0,0.78,None,None,0.78,9,4,4,chair,nan,,nan,,46,chair\chair_46.jpg,0,1,nan,,nan,,417,0,417,18,chair,Chaise,Stuhl
9,19,hand,8,8,10,hand\hand_10.jpg,hand,Hand,Main,1,0,0.91,None,None,0.91,9,8,8,hand,nan,,nan,,10,hand\hand_10.jpg,0,1,nan,,nan,,418,0,418,19,hand,Main,Hand
9,20,house,9,9,34,house\house_34.jpg,house,Haus,Maison,1,0,0.91,None,None,0.91,9,9,9,house,nan,,nan,,34,house\house_34.jpg,0,1,nan,,nan,,419,0,419,20,house,Maison,Haus
9,21,chair,4,4,6,chair\chair_06.jpg,chair,Stuhl,Chaise,1,0,1.08,None,None,1.08,9,4,4,chair,nan,,nan,,6,chair\chair_06.jpg,0,1,nan,,nan,,420,0,420,21,chair,Chaise,Stuhl
9,22,ball,1,1,32,ball\ball_32.jpg,ball,Ball,Ballon,1,0,0.78,None,None,0.78,9,1,1,ball,nan,,nan,,32,ball\ball_32.jpg,0,1,nan,,nan,,421,0,421,22,ball,Ballon,Ball
9,23,jacket,10,10,32,jacket\jacket_32.jpg,jacket,Jacke,Veste,1,0,0.97,None,None,0.97,9,10,10,jacket,nan,,nan,,32,jacket\jacket_32.jpg,0,1,nan,,nan,,422,0,422,23,jacket,Veste,Jacke
9,24,bread,3,3,21,bread\bread_21.jpg,bread,Brot,Pain,1,0,0.94,None,None,0.94,9,3,3,bread,nan,,nan,,21,bread\bread_21.jpg,0,1,nan,,nan,,423,0,423,24,bread,Pain,Brot
9,25,hammer,7,7,7,hammer\hammer_07.jpg,hammer,Hammer,Marteau,1,0,0.89,None,None,0.89,9,7,7,hammer,nan,,nan,,7,hammer\hammer_07.jpg,0,1,nan,,nan,,424,0,424,25,hammer,Marteau,Hammer
9,26,jacket,10,10,35,jacket\jacket_35.jpg,jacket,Jacke,Veste,1,0,0.85,None,None,0.85,9,10,10,jacket,nan,,nan,,35,jacket\jacket_35.jpg,0,1,nan,,nan,,425,0,425,26,jacket,Veste,Jacke
9,27,dog,5,1,1,dog\dog_01.jpg,ball,Ball,Ballon,1,1,0.77,r,right,0.77,9,5,1,dog,nan,,nan,r,1,dog\dog_01.jpg,1,1,nan,,nan,right,426,0,426,27,ball,Ballon,Ball
9,28,bread,3,3,15,bread\bread_15.jpg,bread,Brot,Pain,1,0,0.76,None,None,0.76,9,3,3,bread,nan,,nan,,15,bread\bread_15.jpg,0,1,nan,,nan,,427,0,427,28,bread,Pain,Brot
9,29,house,9,9,40,house\house_40.jpg,house,Haus,Maison,1,0,0.92,None,None,0.92,9,9,9,house,nan,,nan,,40,house\house_40.jpg,0,1,nan,,nan,,428,0,428,29,house,Maison,Haus
9,30,dog,5,5,6,dog\dog_06.jpg,dog,Hund,Chien,1,0,0.81,None,None,0.81,9,5,5,dog,nan,,nan,,6,dog\dog_06.jpg,0,1,nan,,nan,,429,0,429,30,dog,Chien,Hund
9,31,ball,1,1,45,ball\ball_45.jpg,ball,Ball,Ballon,1,0,0.85,None,None,0.85,9,1,1,ball,nan,,nan,,45,ball\ball_45.jpg,0,1,nan,,nan,,430,0,430,31,ball,Ballon,Ball
9,32,chair,4,4,25,chair\chair_25.jpg,chair,Stuhl,Chaise,1,0,0.84,None,None,0.84,9,4,4,chair,nan,,nan,,25,chair\chair_25.jpg,0,1,nan,,nan,,431,0,431,32,chair,Chaise,Stuhl
9,33,hand,8,8,9,hand\hand_09.jpg,hand,Hand,Main,1,0,0.96,None,None,0.96,9,8,8,hand,nan,,nan,,9,hand\hand_09.jpg,0,1,nan,,nan,,432,0,432,33,hand,Main,Hand
9,34,hammer,7,6,28,hammer\hammer_28.jpg,flower,Blume,Fleur,1,1,1.03,r,left,1.03,9,7,6,hammer,nan,,nan,r,28,hammer\hammer_28.jpg,1,1,nan,,nan,left,433,0,433,34,flower,Fleur,Blume
9,35,hand,8,8,38,hand\hand_38.jpg,hand,Hand,Main,1,0,0.98,None,None,0.98,9,8,8,hand,nan,,nan,,38,hand\hand_38.jpg,0,1,nan,,nan,,434,0,434,35,hand,Main,Hand
9,36,bicycle,2,2,32,bicycle\bicycle_32.jpg,bicycle,Fahrrad,Vélo,1,0,1.09,None,None,1.09,9,2,2,bicycle,nan,,nan,,32,bicycle\bicycle_32.jpg,0,1,nan,,nan,,435,0,435,36,bicycle,Vélo,Fahrrad
9,37,jacket,10,10,38,jacket\jacket_38.jpg,jacket,Jacke,Veste,1,0,1.11,None,None,1.11,9,10,10,jacket,nan,,nan,,38,jacket\jacket_38.jpg,0,1,nan,,nan,,436,0,436,37,jacket,Veste,Jacke
9,38,flower,6,6,4,flower\flower_04.jpg,flower,Blume,Fleur,1,0,1.2,None,None,1.2,9,6,6,flower,nan,,nan,,4,flower\flower_04.jpg,0,1,nan,,nan,,437,0,437,38,flower,Fleur,Blume
9,39,bicycle,2,2,14,bicycle\bicycle_14.jpg,bicycle,Fahrrad,Vélo,1,0,1.09,None,None,1.09,9,2,2,bicycle,nan,,nan,,14,bicycle\bicycle_14.jpg,0,1,nan,,nan,,438,0,438,39,bicycle,Vélo,Fahrrad
9,40,chair,4,4,27,chair\chair_27.jpg,chair,Stuhl,Chaise,1,0,0.87,None,None,0.87,9,4,4,chair,nan,,nan,,27,chair\chair_27.jpg,0,1,nan,,nan,,439,0,439,40,chair,Chaise,Stuhl
9,41,bread,3,3,19,bread\bread_19.jpg,bread,Brot,Pain,1,0,0.92,None,None,0.92,9,3,3,bread,nan,,nan,,19,bread\bread_19.jpg,0,1,nan,,nan,,440,0,440,41,bread,Pain,Brot
9,42,hammer,7,7,34,hammer\hammer_34.jpg,hammer,Hammer,Marteau,1,0,1.2,None,None,1.2,9,7,7,hammer,nan,,nan,,34,hammer\hammer_34.jpg,0,1,nan,,nan,,441,0,441,42,hammer,Marteau,Hammer
9,43,bicycle,2,2,13,bicycle\bicycle_13.jpg,bicycle,Fahrrad,Vélo,1,0,0.79,None,None,0.79,9,2,2,bicycle,nan,,nan,,13,bicycle\bicycle_13.jpg,0,1,nan,,nan,,442,0,442,43,bicycle,Vélo,Fahrrad
9,44,house,9,8,3,house\house_03.jpg,hand,Hand,Main,1,1,1.12,r,left,1.12,9,9,8,house,nan,,nan,r,3,house\house_03.jpg,1,1,nan,,nan,left,443,0,443,44,hand,Main,Hand
9,45,flower,6,6,23,flower\flower_23.jpg,flower,Blume,Fleur,1,0,1.04,None,None,1.04,9,6,6,flower,nan,,nan,,23,flower\flower_23.jpg,0,1,nan,,nan,,444,0,444,45,flower,Fleur,Blume
9,46,hand,8,8,18,hand\hand_18.jpg,hand,Hand,Main,1,0,0.79,None,None,0.79,9,8,8,hand,nan,,nan,,18,hand\hand_18.jpg,0,1,nan,,nan,,445,0,445,46,hand,Main,Hand
9,47,chair,4,4,17,chair\chair_17.jpg,chair,Stuhl,Chaise,1,0,1.12,None,None,1.12,9,4,4,chair,nan,,nan,,17,chair\chair_17.jpg,0,1,nan,,nan,,446,0,446,47,chair,Chaise,Stuhl
9,48,dog,5,5,30,dog\dog_30.jpg,dog,Hund,Chien,1,0,1.09,None,None,1.09,9,5,5,dog,nan,,nan,,30,dog\dog_30.jpg,0,1,nan,,nan,,447,0,447,48,dog,Chien,Hund
9,49,ball,1,1,7,ball\ball_07.jpg,ball,Ball,Ballon,1,0,1.06,None,None,1.06,9,1,1,ball,nan,,nan,,7,ball\ball_07.jpg,0,1,nan,,nan,,448,0,448,49,ball,Ballon,Ball
9,50,bicycle,2,2,6,bicycle\bicycle_06.jpg,bicycle,Fahrrad,Vélo,1,0,1.15,None,None,1.15,9,2,2,bicycle,0.03949819999979809,r,0.904311400023289,,6,bicycle\bicycle_06.jpg,0,1,nan,,nan,,449,0,449,50,bicycle,Vélo,Fahrrad
10,1,house,9,9,13,house\house_13.jpg,house,Haus,Maison,1,0,1.2,None,None,1.2,10,9,9,house,nan,,nan,,13,house\house_13.jpg,0,1,nan,,nan,,450,0,450,1,house,Maison,Haus
10,2,hand,8,3,9,hand\hand_09.jpg,bread,Brot,Pain,1,1,0.76,r,right,0.76,10,8,3,hand,nan,,nan,r,9,hand\hand_09.jpg,1,1,nan,,nan,right,451,0,451,2,bread,Pain,Brot
10,3,flower,6,6,40,flower\flower_40.jpg,flower,Blume,Fleur,1,0,1.13,None,None,1.13,10,6,6,flower,nan,,nan,,40,flower\flower_40.jpg,0,1,nan,,nan,,452,0,452,3,flower,Fleur,Blume
10,4,jacket,10,10,44,jacket\jacket_44.jpg,jacket,Jacke,Veste,1,0,1.01,None,None,1.01,10,10,10,jacket,nan,,nan,,44,jacket\jacket_44.jpg,0,1,nan,,nan,,453,0,453,4,jacket,Veste,Jacke
10,5,flower,6,6,14,flower\flower_14.jpg,flower,Blume,Fleur,1,0,1.01,None,None,1.01,10,6,6,flower,nan,,nan,,14,flower\flower_14.jpg,0,1,nan,,nan,,454,0,454,5,flower,Fleur,Blume
10,6,bread,3,3,21,bread\bread_21.jpg,bread,Brot,Pain,1,0,0.87,None,None,0.87,10,3,3,bread,nan,,nan,,21,bread\bread_21.jpg,0,1,nan,,nan,,455,0,455,6,bread,Pain,Brot
10,7,chair,4,4,27,chair\chair_27.jpg,chair,Stuhl,Chaise,1,0,1.17,None,None,1.17,10,4,4,chair,nan,,nan,,27,chair\chair_27.jpg,0,1,nan,,nan,,456,0,456,7,chair,Chaise,Stuhl
10,8,hammer,7,7,31,hammer\hammer_31.jpg,hammer,Hammer,Marteau,1,0,1.16,None,None,1.16,10,7,7,hammer,nan,,nan,,31,hammer\hammer_31.jpg,0,1,nan,,nan,,457,0,457,8,hammer,Marteau,Hammer
10,9,bread,3,3,37,bread\bread_37.jpg,bread,Brot,Pain,1,0,0.88,None,None,0.88,10,3,3,bread,nan,,nan,,37,bread\bread_37.jpg,0,1,nan,,nan,,458,0,458,9,bread,Pain,Brot
10,10,ball,1,1,13,ball\ball_13.jpg,ball,Ball,Ballon,1,0,1.15,None,None,1.15,10,1,1,ball,nan,,nan,,13,ball\ball_13.jpg,0,1,nan,,nan,,459,0,459,10,ball,Ballon,Ball
10,11,bicycle,2,2,32,bicycle\bicycle_32.jpg,bicycle,Fahrrad,Vélo,1,0,0.76,None,None,0.76,10,2,2,bicycle,nan,,nan,,32,bicycle\bicycle_32.jpg,0,1,nan,,nan,,460,0,460,11,bicycle,Vélo,Fahrrad
10,12,dog,5,5,44,dog\dog_44.jpg,dog,Hund,Chien,1,0,0.76,None,None,0.76,10,5,5,dog,nan,,nan,,44,dog\dog_44.jpg,0,1,nan,,nan,,461,0,461,12,dog,Chien,Hund
10,13,jacket,10,10,11,jacket\jacket_11.jpg,jacket,Jacke,Veste,1,0,1.04,None,None,1.04,10,10,10,jacket,nan,,nan,,11,jacket\jacket_11.jpg,0,1,nan,,nan,,462,0,462,13,jacket,Veste,Jacke
10,14,bicycle,2,2,31,bicycle\bicycle_31.jpg,bicycle,Fahrrad,Vélo,1,0,0.92,None,None,0.92,10,2,2,bicycle,nan,,nan,,31,bicycle\bicycle_31.jpg,0,1,nan,,nan,,463,0,463,14,bicycle,Vélo,Fahrrad
10,15,hand,8,8,18,hand\hand_18.jpg,hand,Hand,Main,1,0,0.82,None,None,0.82,10,8,8,hand,nan,,nan,,18,hand\hand_18.jpg,0,1,nan,,nan,,464,0,464,15,hand,Main,Hand
10,16,ball,1,1,32,ball\ball_32.jpg,ball,Ball,Ballon,1,0,0.99,None,None,0.99,10,1,1,ball,nan,,nan,,32,ball\ball_32.jpg,0,1,nan,,nan,,465,0,465,16,ball,Ballon,Ball
10,17,dog,5,5,30,dog\dog_30.jpg,dog,Hund,Chien,1,0,0.77,None,None,0.77,10,5,5,dog,nan,,nan,,30,dog\dog_30.jpg,0,1,nan,,nan,,466,0,466,17,dog,Chien,Hund
10,18,hammer,7,7,34,hammer\hammer_34.jpg,hammer,Hammer,Marteau,1,0,1.17,None,None,1.17,10,7,7,hammer,nan,,nan,,34,hammer\hammer_34.jpg,0,1,nan,,nan,,467,0,467,18,hammer,Marteau,Hammer
10,19,jacket,10,6,30,jacket\jacket_30.jpg,flower,Blume,Fleur,1,1,0.99,r,right,0.99,10,10,6,jacket,nan,,nan,r,30,jacket\jacket_30.jpg,1,1,nan,,nan,right,468,0,468,19,flower,Fleur,Blume
10,20,ball,1,1,5,ball\ball_05.jpg,ball,Ball,Ballon,1,0,1.18,None,None,1.18,10,1,1,ball,nan,,nan,,5,ball\ball_05.jpg,0,1,nan,,nan,,469,0,469,20,ball,Ballon,Ball
10,21,hand,8,8,10,hand\hand_10.jpg,hand,Hand,Main,1,0,1.07,None,None,1.07,10,8,8,hand,nan,,nan,,10,hand\hand_10.jpg,0,1,nan,,nan,,470,0,470,21,hand,Main,Hand
10,22,chair,4,4,25,chair\chair_25.jpg,chair,Stuhl,Chaise,1,0,1.17,None,None,1.17,10,4,4,chair,nan,,nan,,25,chair\chair_25.jpg,0,1,nan,,nan,,471,0,471,22,chair,Chaise,Stuhl
10,23,house,9,9,40,house\house_40.jpg,house,Haus,Maison,1,0,1.17,None,None,1.17,10,9,9,house,nan,,nan,,40,house\house_40.jpg,0,1,nan,,nan,,472,0,472,23,house,Maison,Haus
10,24,chair,4,4,46,chair\chair_46.jpg,chair,Stuhl,Chaise,1,0,1.15,None,None,1.15,10,4,4,chair,nan,,nan,,46,chair\chair_46.jpg,0,1,nan,,nan,,473,0,473,24,chair,Chaise,Stuhl
10,25,ball,1,1,45,ball\ball_45.jpg,ball,Ball,Ballon,1,0,0.87,None,None,0.87,10,1,1,ball,nan,,nan,,45,ball\ball_45.jpg,0,1,nan,,nan,,474,0,474,25,ball,Ballon,Ball
10,26,hand,8,8,5,hand\hand_05.jpg,hand,Hand,Main,1,0,0.8,None,None,0.8,10,8,8,hand,nan,,nan,,5,hand\hand_05.jpg,0,1,nan,,nan,,475,0,475,26,hand,Main,Hand
10,27,jacket,10,10,35,jacket\jacket_35.jpg,jacket,Jacke,Veste,1,0,0.81,None,None,0.81,10,10,10,jacket,nan,,nan,,35,jacket\jacket_35.jpg,0,1,nan,,nan,,476,0,476,27,jacket,Veste,Jacke
10,28,bicycle,2,2,45,bicycle\bicycle_45.jpg,bicycle,Fahrrad,Vélo,1,0,0.85,None,None,0.85,10,2,2,bicycle,nan,,nan,,45,bicycle\bicycle_45.jpg,0,1,nan,,nan,,477,0,477,28,bicycle,Vélo,Fahrrad
10,29,house,9,4,46,house\house_46.jpg,chair,Stuhl,Chaise,1,1,0.98,r,right,0.98,10,9,4,house,nan,,nan,r,46,house\house_46.jpg,1,1,nan,,nan,right,478,0,478,29,chair,Chaise,Stuhl
10,30,bread,3,3,7,bread\bread_07.jpg,bread,Brot,Pain,1,0,1.17,None,None,1.17,10,3,3,bread,nan,,nan,,7,bread\bread_07.jpg,0,1,nan,,nan,,479,0,479,30,bread,Pain,Brot
10,31,chair,4,4,6,chair\chair_06.jpg,chair,Stuhl,Chaise,1,0,1.03,None,None,1.03,10,4,4,chair,nan,,nan,,6,chair\chair_06.jpg,0,1,nan,,nan,,480,0,480,31,chair,Chaise,Stuhl
10,32,hammer,7,2,32,hammer\hammer_32.jpg,bicycle,Fahrrad,Vélo,1,1,1.22,r,right,1.22,10,7,2,hammer,nan,,nan,r,32,hammer\hammer_32.jpg,1,1,nan,,nan,right,481,0,481,32,bicycle,Vélo,Fahrrad
10,33,dog,5,5,5,dog\dog_05.jpg,dog,Hund,Chien,1,0,1.05,None,None,1.05,10,5,5,dog,nan,,nan,,5,dog\dog_05.jpg,0,1,nan,,nan,,482,0,482,33,dog,Chien,Hund
10,34,bread,3,3,19,bread\bread_19.jpg,bread,Brot,Pain,1,0,1.17,None,None,1.17,10,3,3,bread,nan,,nan,,19,bread\bread_19.jpg,0,1,nan,,nan,,483,0,483,34,bread,Pain,Brot
10,35,ball,1,1,7,ball\ball_07.jpg,ball,Ball,Ballon,1,0,0.85,None,None,0.85,10,1,1,ball,nan,,nan,,7,ball\ball_07.jpg,0,1,nan,,nan,,484,0,484,35,ball,Ballon,Ball
10,36,flower,6,6,47,flower\flower_47.jpg,flower,Blume,Fleur,1,0,0.8,None,None,0.8,10,6,6,flower,nan,,nan,,47,flower\flower_47.jpg,0,1,nan,,nan,,485,0,485,36,flower,Fleur,Blume
10,37,dog,5,5,23,dog\dog_23.jpg,dog,Hund,Chien,1,0,0.83,None,None,0.83,10,5,5,dog,nan,,nan,,23,dog\dog_23.jpg,0,1,nan,,nan,,486,0,486,37,dog,Chien,Hund
10,38,chair,4,4,45,chair\chair_45.jpg,chair,Stuhl,Chaise,1,0,1.23,None,None,1.23,10,4,4,chair,nan,,nan,,45,chair\chair_45.jpg,0,1,nan,,nan,,487,0,487,38,chair,Chaise,Stuhl
10,39,flower,6,6,4,flower\flower_04.jpg,flower,Blume,Fleur,1,0,0.8,None,None,0.8,10,6,6,flower,nan,,nan,,4,flower\flower_04.jpg,0,1,nan,,nan,,488,0,488,39,flower,Fleur,Blume
10,40,hammer,7,7,27,hammer\hammer_27.jpg,hammer,Hammer,Marteau,1,0,1.21,None,None,1.21,10,7,7,hammer,nan,,nan,,27,hammer\hammer_27.jpg,0,1,nan,,nan,,489,0,489,40,hammer,Marteau,Hammer
10,41,bicycle,2,2,13,bicycle\bicycle_13.jpg,bicycle,Fahrrad,Vélo,1,0,1.23,None,None,1.23,10,2,2,bicycle,nan,,nan,,13,bicycle\bicycle_13.jpg,0,1,nan,,nan,,490,0,490,41,bicycle,Vélo,Fahrrad
10,42,house,9,9,34,house\house_34.jpg,house,Haus,Maison,1,0,0.96,None,None,0.96,10,9,9,house,nan,,nan,,34,house\house_34.jpg,0,1,nan,,nan,,491,0,491,42,house,Maison,Haus
10,43,hand,8,8,38,hand\hand_38.jpg,hand,Hand,Main,1,0,1.04,None,None,1.04,10,8,8,hand,nan,,nan,,38,hand\hand_38.jpg,0,1,nan,,nan,,492,0,492,43,hand,Main,Hand
10,44,jacket,10,10,38,jacket\jacket_38.jpg,jacket,Jacke,Veste,1,0,0.79,None,None,0.79,10,10,10,jacket,nan,,nan,,38,jacket\jacket_38.jpg,0,1,nan,,nan,,493,0,493,44,jacket,Veste,Jacke
10,45,dog,5,5,6,dog\dog_06.jpg,dog,Hund,Chien,1,0,0.79,None,None,0.79,10,5,5,dog,nan,,nan,,6,dog\dog_06.jpg,0,1,nan,,nan,,494,0,494,45,dog,Chien,Hund
10,46,house,9,9,17,house\house_17.jpg,house,Haus,Maison,1,0,1.2,None,None,1.2,10,9,9,house,nan,,nan,,17,house\house_17.jpg,0,1,nan,,nan,,495,0,495,46,house,Maison,Haus
10,47,hammer,7,7,7,hammer\hammer_07.jpg,hammer,Hammer,Marteau,1,0,1.25,None,None,1.25,10,7,7,hammer,nan,,nan,,7,hammer\hammer_07.jpg,0,1,nan,,nan,,496,0,496,47,hammer,Marteau,Hammer
10,48,flower,6,1,23,flower\flower_23.jpg,ball,Ball,Ballon,1,1,0.94,r,right,0.94,10,6,1,flower,nan,,nan,r,23,flower\flower_23.jpg,1,1,nan,,nan,right,497,0,497,48,ball,Ballon,Ball
10,49,bicycle,2,2,6,bicycle\bicycle_06.jpg,bicycle,Fahrrad,Vélo,1,0,0.81,None,None,0.81,10,2,2,bicycle,nan,,nan,,6,bicycle\bicycle_06.jpg,0,1,nan,,nan,,498,0,498,49,bicycle,Vélo,Fahrrad
10,50,bread,3,3,15,bread\bread_15.jpg,bread,Brot,Pain,1,0,1.17,None,None,1.17,10,3,3,bread,nan,,nan,,15,bread\bread_15.jpg,0,1,nan,,nan,,499,0,499,50,bread,Pain,Brot

extraInfo
participant,0
date,2026-07-21_13h18.24.447
expName,TSRlearn_localizer-concepts
expVersion,
psychopyVersion,2025.2.4
frameRate,59.864502684314424
expStart,2026-07-21 13h18.25.567133 +0200
